Age,DailyRate,DistanceFromHome,Education,EmployeeCount,EmployeeNumber,EnvironmentSatisfaction,HourlyRate,JobInvolvement,JobLevel,JobSatisfaction,MonthlyIncome,MonthlyRate,NumCompaniesWorked,PercentSalaryHike,PerformanceRating,RelationshipSatisfaction,StandardHours,StockOptionLevel,TotalWorkingYears,TrainingTimesLastYear,WorkLifeBalance,YearsAtCompany,YearsInCurrentRole,YearsSinceLastPromotion,YearsWithCurrManager
36,1480,3,2,1,238,4,30,3,1,2,2088,15062,4,12,3,3,80,0,13,3,2,8,7,7,2
31,325,5,3,1,2057,2,74,3,2,1,9936,3787,0,19,3,2,80,0,10,2,3,9,4,1,7
35,890,2,3,1,49,4,97,3,1,4,2014,9687,1,13,3,1,80,0,2,3,3,2,2,2,2
29,441,8,1,1,1544,3,39,1,2,1,9715,7288,3,13,3,3,80,1,9,3,3,7,7,0,7
36,913,9,2,1,699,2,48,2,2,2,8847,13934,2,11,3,3,80,1,13,2,3,3,2,0,2
28,1485,12,1,1,1175,3,79,3,1,4,2515,22955,1,11,3,4,80,0,1,4,2,1,1,0,0
29,806,7,3,1,1299,2,39,3,1,3,3339,17285,3,13,3,1,80,2,10,2,3,7,7,7,7
39,1485,25,2,1,1397,3,71,3,3,3,10920,3449,3,21,4,2,80,1,13,2,3,6,4,0,5
42,810,23,5,1,468,1,44,3,4,4,15992,15901,2,14,3,2,80,0,16,2,3,1,0,0,0
30,160,3,3,1,680,3,71,3,1,3,2083,22653,1,20,4,3,80,1,1,2,3,1,0,0,0
23,507,20,1,1,1533,1,97,3,2,3,2272,24812,0,14,3,2,80,0,5,2,3,4,3,1,2
53,124,2,3,1,1050,3,38,2,3,2,7525,23537,2,12,3,1,80,1,30,2,3,15,7,6,12
35,763,15,2,1,1645,1,59,1,2,4,5440,22098,6,14,3,4,80,2,7,2,2,2,2,2,2
22,604,6,1,1,675,1,69,3,1,3,2773,12145,0,20,4,4,80,0,3,3,3,2,2,2,2
32,801,1,4,1,2016,3,48,3,3,4,10422,24032,1,19,3,3,80,2,14,3,3,14,10,5,7
49,809,1,3,1,1677,3,36,3,4,3,15379,22384,4,14,3,1,80,0,23,2,3,8,7,0,0
56,713,8,3,1,241,3,67,3,1,1,4257,13939,4,18,3,3,80,1,19,3,3,2,2,2,2
35,672,25,3,1,899,4,78,2,3,2,10903,9129,3,16,3,1,80,0,16,2,3,13,10,4,8
50,1126,1,2,1,997,4,66,3,4,4,17399,6615,9,22,4,3,80,1,32,1,2,5,4,1,3
18,247,8,1,1,1156,3,80,3,1,3,1904,13556,1,12,3,4,80,0,0,0,3,0,0,0,0
48,1236,1,4,1,664,4,40,2,4,1,15402,17997,7,11,3,1,80,1,21,3,1,3,2,0,2
34,121,2,4,1,804,3,86,2,1,1,4381,7530,1,11,3,3,80,0,6,3,3,6,5,1,3
31,1398,8,2,1,1461,4,96,4,1,2,2109,24609,9,18,3,4,80,0,8,3,3,3,2,0,2
35,195,1,3,1,620,1,80,3,2,3,4859,6698,1,16,3,4,80,0,5,3,3,5,4,0,3
38,653,29,5,1,79,4,50,3,2,4,2406,5456,1,11,3,4,80,0,10,2,3,10,3,9,9
40,1398,2,4,1,558,3,79,3,5,3,18041,13022,0,14,3,4,80,0,21,2,3,20,15,1,12
26,390,17,4,1,1718,4,62,1,1,3,2305,6217,1,15,3,3,80,3,3,3,4,3,2,0,2
32,588,8,2,1,436,3,65,2,2,2,5228,24624,1,11,3,4,80,0,13,2,3,13,12,11,9
34,735,22,4,1,1932,3,86,2,2,4,5747,26496,1,15,3,2,80,0,16,3,3,15,10,6,11
29,1176,3,2,1,690,2,62,3,2,3,5561,3487,1,14,3,1,80,1,6,5,2,6,0,1,2
29,1329,7,3,1,1260,3,82,3,2,4,6623,4204,1,11,3,2,80,2,6,2,3,6,0,1,0
31,1112,5,4,1,1673,1,67,3,2,4,5476,22589,1,11,3,1,80,2,10,2,3,10,0,0,2
35,1180,2,2,1,1804,2,90,3,2,4,5762,24442,2,14,3,3,80,1,15,6,3,7,7,1,7
27,1157,17,3,1,233,3,51,3,1,2,3058,13364,0,16,3,4,80,1,6,3,2,5,2,1,1
23,571,12,2,1,1982,4,78,3,1,4,2647,13672,1,13,3,3,80,0,5,6,4,5,2,1,4
29,805,1,2,1,816,2,36,2,1,1,2319,6689,1,11,3,4,80,1,1,1,3,1,0,0,0
38,693,7,3,1,1382,4,57,4,1,3,2610,15748,1,11,3,4,80,3,4,2,3,4,2,0,3
23,160,4,1,1,1735,3,51,3,1,2,3295,12862,1,13,3,3,80,0,3,3,1,3,2,1,2
46,563,1,4,1,1602,4,56,4,4,1,17567,3156,1,15,3,2,80,0,27,5,1,26,0,0,12
25,949,1,3,1,1415,1,81,3,1,4,3229,4910,4,11,3,2,80,1,7,2,2,3,2,0,2
42,1271,2,1,1,875,2,35,3,1,4,2515,9068,5,14,3,4,80,0,8,2,3,2,1,2,2
52,266,2,1,1,1038,1,57,1,5,4,19845,25846,1,15,3,4,80,1,33,3,3,32,14,6,9
32,862,2,1,1,1190,3,76,3,1,1,2827,14947,1,12,3,3,80,3,1,3,3,1,0,0,0
44,429,1,2,1,1792,3,99,3,1,2,2342,11092,1,12,3,3,80,3,6,2,2,5,3,2,3
49,1098,4,2,1,1256,1,85,2,5,3,18711,12124,2,13,3,3,80,1,23,2,4,1,0,0,0
51,1323,4,4,1,1081,1,34,3,1,3,2461,10332,9,12,3,3,80,3,18,2,4,10,0,2,7
39,895,5,3,1,42,4,56,3,2,4,2086,3335,3,14,3,3,80,1,19,6,4,1,0,0,0
36,1218,9,4,1,27,3,82,2,1,1,3407,6986,7,23,4,2,80,0,10,4,3,5,3,0,3
35,944,1,3,1,314,3,92,3,3,3,8789,9096,1,14,3,1,80,0,10,3,4,10,7,0,8
24,1269,4,1,1,888,1,46,2,1,4,3162,10778,0,17,3,4,80,0,6,2,2,5,2,3,4
42,201,1,4,1,517,2,95,3,1,1,2576,20490,3,16,3,2,80,1,8,5,3,5,2,1,2
25,772,2,1,1,1653,4,77,4,2,3,5206,4973,1,17,3,3,80,2,7,6,3,7,7,0,7
28,329,24,3,1,1604,3,51,3,1,2,2408,7324,1,17,3,3,80,3,1,3,3,1,1,0,0
41,337,8,3,1,1909,3,54,3,2,2,4393,26841,5,21,4,3,80,1,14,3,3,5,4,1,4
34,665,6,4,1,138,1,41,3,2,3,4809,12482,1,14,3,3,80,0,16,3,3,16,13,2,10
49,174,8,4,1,1138,4,56,2,4,2,13120,11879,6,17,3,2,80,1,22,3,3,9,8,2,3
35,1258,1,4,1,826,4,40,4,1,3,2506,13301,3,13,3,3,80,0,7,0,3,2,2,2,2
28,440,21,3,1,221,3,42,3,1,4,2713,6672,1,11,3,3,80,1,5,2,1,5,2,0,2
27,1055,2,4,1,1027,1,47,3,2,4,4227,4658,0,18,3,2,80,1,4,2,3,3,2,2,2
41,582,28,4,1,2034,1,60,2,4,2,13570,5640,0,23,4,3,80,1,21,3,3,20,7,0,10
35,1232,16,3,1,406,3,96,3,3,2,8020,5100,0,15,3,3,80,2,12,3,2,11,9,6,9
35,1097,11,2,1,70,3,79,2,3,1,9884,8302,2,13,3,3,80,1,10,3,3,4,0,2,3
37,1115,1,4,1,77,1,51,2,2,3,5993,2689,1,18,3,3,80,1,7,2,4,7,5,0,7
40,759,2,2,1,516,4,46,3,2,2,5715,22553,7,12,3,3,80,2,8,5,3,5,4,1,3
31,667,1,4,1,1427,2,50,1,1,3,1359,16154,1,12,3,2,80,0,1,3,3,1,0,0,0
34,296,6,2,1,555,4,33,1,1,3,2351,12253,0,16,3,4,80,1,3,3,2,2,2,1,0
31,525,6,4,1,653,1,66,4,2,4,5460,6219,4,22,4,4,80,2,13,4,4,7,7,5,7
22,594,2,1,1,169,3,100,3,1,4,2523,19299,0,14,3,3,80,1,3,2,3,2,1,2,1
42,269,2,3,1,351,4,56,2,1,1,2593,8007,0,11,3,3,80,1,10,4,3,9,6,7,8
58,605,21,3,1,1938,4,72,3,4,4,17875,11761,4,13,3,3,80,1,29,2,2,1,0,0,0
37,1107,14,3,1,515,4,95,3,1,1,3034,26914,1,12,3,3,80,1,18,2,2,18,7,12,17
45,248,23,2,1,1002,4,42,3,2,1,3633,14039,1,15,3,3,80,1,9,2,3,9,8,0,8
46,705,2,4,1,38,2,83,3,5,1,18947,22822,3,12,3,4,80,0,22,2,2,2,2,2,1
20,727,9,1,1,1680,4,54,3,1,1,2728,21082,1,11,3,1,80,0,2,3,3,2,2,0,2
38,1084,29,3,1,273,4,54,3,2,4,6261,4185,3,18,3,1,80,1,9,3,1,7,7,1,7
27,1130,8,4,1,458,2,56,3,2,2,6214,3415,1,18,3,1,80,1,8,3,3,8,7,0,7
24,984,17,2,1,1219,4,97,3,1,2,2210,3372,1,13,3,1,80,1,1,3,1,1,0,0,0
38,343,15,2,1,461,3,92,2,3,4,11510,15682,0,14,3,2,80,1,12,3,3,11,10,2,9
57,210,29,3,1,568,1,56,2,4,4,14118,22102,3,12,3,3,80,1,32,3,2,1,0,0,0
24,1476,4,1,1,1445,4,42,3,2,3,4162,15211,1,12,3,3,80,2,5,3,3,5,4,0,3
37,1063,25,5,1,529,2,72,3,2,3,4449,23866,3,15,3,1,80,2,15,2,3,13,11,10,7
36,217,18,4,1,1133,1,78,3,2,4,7779,23238,2,20,4,1,80,0,18,0,3,11,9,0,9
30,1005,3,3,1,297,4,88,3,1,1,2657,8556,5,11,3,3,80,0,8,5,3,5,2,0,4
28,821,5,4,1,916,1,98,3,2,4,4908,24252,1,14,3,2,80,0,4,3,3,4,2,0,2
37,558,2,3,1,656,4,75,3,2,3,9602,3010,4,11,3,3,80,1,17,3,2,3,0,1,0
31,359,18,5,1,1842,4,89,4,1,1,2956,21495,0,17,3,3,80,0,2,4,3,1,0,0,0
29,224,1,4,1,1522,1,100,2,1,1,2362,7568,6,13,3,3,80,0,11,2,1,9,7,0,7
35,1204,4,3,1,1100,4,86,3,3,1,9582,10333,0,22,4,1,80,0,9,2,3,8,7,4,7
30,241,7,3,1,1609,2,48,2,1,2,2141,5348,1,12,3,2,80,1,6,3,2,6,4,1,1
35,662,1,5,1,204,3,94,3,3,2,7295,11439,1,13,3,1,80,2,10,3,3,10,8,0,6
36,852,5,4,1,51,2,82,2,1,1,3419,13072,9,14,3,4,80,1,6,3,4,1,1,0,0
38,216,23,3,1,12,4,44,2,3,3,9526,8787,0,21,4,2,80,0,10,2,3,9,7,1,8
28,1117,8,2,1,395,4,66,3,1,4,3310,4488,1,21,4,4,80,0,5,3,3,5,3,0,2
41,509,2,4,1,616,1,62,2,2,3,6811,2112,2,17,3,1,80,0,10,3,3,8,7,0,7
32,498,3,4,1,966,3,93,3,2,1,6725,13554,1,12,3,3,80,1,8,2,4,8,7,6,3
33,267,21,3,1,1698,2,79,4,1,2,2028,13637,1,18,3,4,80,3,14,6,3,14,11,2,13
39,1218,1,1,1,531,2,52,3,5,3,19197,8213,1,14,3,3,80,1,21,3,3,21,8,1,6
22,1256,19,1,1,217,3,80,3,1,4,2323,11992,1,24,4,1,80,2,2,6,3,2,2,2,2
35,802,10,3,1,1028,2,45,3,1,4,3917,9541,1,20,4,1,80,1,3,4,2,3,2,1,2
35,662,18,4,1,1380,4,67,3,2,3,4614,23288,0,18,3,3,80,1,5,0,2,4,2,3,2
47,1379,16,4,1,987,3,64,4,2,3,5067,6759,1,19,3,3,80,0,20,3,4,19,10,2,7
35,737,10,3,1,1639,4,55,2,3,1,10306,21530,9,17,3,3,80,0,15,3,3,13,12,6,0
37,1252,19,2,1,904,1,32,3,3,2,7642,4814,1,13,3,4,80,0,10,2,3,10,0,0,9
29,906,10,3,1,994,4,92,2,1,1,2404,11479,6,20,4,3,80,0,3,5,3,0,0,0,0
20,654,21,3,1,1226,3,43,4,1,4,2678,5050,1,17,3,4,80,0,2,2,3,2,1,2,2
34,1069,2,1,1,256,4,45,2,2,3,9547,14074,1,17,3,3,80,0,10,2,2,10,9,1,9
35,1146,26,4,1,2040,3,31,3,3,4,8837,16642,1,16,3,3,80,0,9,2,3,9,0,1,7
37,674,13,3,1,1543,1,47,3,2,4,4285,3031,1,17,3,1,80,0,10,2,3,10,8,3,7
50,1246,3,3,1,644,1,99,3,5,2,18200,7999,1,11,3,3,80,1,32,2,3,32,5,10,7
33,147,2,3,1,1207,2,99,3,1,3,3600,8429,1,13,3,4,80,1,5,2,3,5,4,1,4
31,688,7,3,1,613,3,44,2,3,4,11557,25291,9,21,4,3,80,1,10,3,2,5,4,0,1
47,1093,9,3,1,1716,3,82,1,4,3,12936,24164,7,11,3,3,80,0,25,3,1,23,5,14,10
34,970,8,2,1,757,2,96,3,2,3,6142,7360,3,11,3,4,80,0,10,2,3,5,1,4,3
27,954,9,3,1,1965,4,44,3,2,4,4105,5099,1,14,3,1,80,0,7,5,3,7,7,0,7
20,500,2,3,1,922,3,49,2,1,3,2044,22052,1,13,3,4,80,0,2,3,2,2,2,0,2
60,696,7,4,1,1233,2,52,4,2,4,5220,10893,0,18,3,2,80,1,12,3,3,11,7,1,9
26,991,6,3,1,686,3,71,3,1,4,2659,17759,1,13,3,3,80,1,3,2,3,3,2,0,2
55,189,26,4,1,1973,3,71,4,5,2,19636,25811,4,18,3,1,80,1,35,0,3,10,9,1,4
33,553,5,4,1,428,4,74,3,3,2,11878,23364,6,11,3,2,80,2,12,2,3,10,6,8,8
32,964,1,2,1,1734,1,34,1,2,2,6735,12147,6,15,3,2,80,0,10,2,3,0,0,0,0
32,1062,2,3,1,471,3,75,3,1,2,2370,3956,1,13,3,3,80,1,8,4,3,8,0,0,7
47,359,2,4,1,1443,1,82,3,4,3,17169,26703,3,19,3,2,80,2,26,2,4,20,17,5,6
34,511,3,2,1,1779,4,32,1,2,4,6029,25353,5,12,3,1,80,0,6,3,3,2,2,2,2
28,1169,8,2,1,869,2,63,2,1,4,4936,23965,1,13,3,4,80,1,6,6,3,5,1,0,4
53,1168,24,4,1,1968,1,66,3,3,1,10448,5843,6,13,3,2,80,0,15,2,2,2,2,2,2
39,1089,6,3,1,1525,2,32,3,3,2,8376,9150,4,18,3,4,80,0,9,3,3,2,0,2,2
42,319,24,3,1,605,4,56,3,3,1,7406,6950,1,21,4,4,80,1,10,5,2,10,9,5,8
40,1492,20,4,1,1092,1,61,3,3,4,10322,26542,4,20,4,4,80,1,14,6,3,11,10,11,1
29,1404,20,3,1,974,3,84,3,1,4,2157,18203,1,15,3,2,80,1,3,5,3,3,1,0,2
25,882,19,1,1,1358,4,67,3,1,4,3669,9075,3,11,3,3,80,3,7,6,2,3,2,1,2
41,427,10,4,1,731,2,73,2,5,4,19141,8861,3,15,3,2,80,3,23,2,2,21,6,12,6
36,530,3,1,1,967,3,51,2,3,4,10325,5518,1,11,3,1,80,1,16,6,3,16,7,3,7
33,1141,1,3,1,52,3,42,4,2,1,5376,3193,2,19,3,1,80,2,10,3,3,5,3,1,3
32,976,26,4,1,333,3,100,3,2,4,4465,12069,0,18,3,1,80,0,4,2,3,3,2,2,2
38,1404,1,3,1,1961,1,59,2,1,1,2858,11473,4,14,3,1,80,0,20,3,2,1,0,0,0
49,1245,18,4,1,638,4,58,2,5,3,19502,2125,1,17,3,3,80,1,31,5,3,31,9,0,9
51,770,5,3,1,1352,3,84,3,4,2,14026,17588,1,11,3,2,80,1,33,2,3,33,9,0,10
35,1137,21,1,1,942,4,51,3,2,4,4014,19170,1,25,4,4,80,1,10,2,1,10,6,0,7
38,130,2,2,1,1125,4,32,3,3,2,7351,20619,7,16,3,3,80,0,10,2,3,1,0,0,0
39,1498,21,4,1,1390,1,44,2,2,4,6120,3567,3,12,3,4,80,2,8,2,4,5,4,1,4
29,1401,6,1,1,1192,2,54,3,1,4,3131,26342,1,13,3,1,80,1,10,5,3,10,8,0,8
33,350,5,3,1,485,4,34,3,1,3,2851,9150,1,13,3,2,80,0,1,2,3,1,0,0,0
55,177,8,1,1,1278,4,37,2,4,2,13577,25592,1,15,3,4,80,1,34,3,3,33,9,15,0
25,309,2,3,1,1987,3,82,3,1,2,2187,19655,4,14,3,3,80,0,6,3,3,2,0,1,2
32,953,5,4,1,1764,2,65,3,1,2,2718,17674,2,14,3,2,80,0,12,3,3,7,7,0,7
33,147,4,4,1,305,3,47,2,1,2,2622,13248,6,21,4,4,80,0,7,3,3,3,2,1,1
38,1333,1,3,1,950,4,80,3,3,1,13582,16292,1,13,3,2,80,1,15,3,3,15,12,5,11
40,905,19,2,1,281,3,99,3,2,4,2741,16523,8,15,3,3,80,1,15,2,4,7,2,3,7
37,799,1,3,1,623,2,59,3,3,4,7491,23848,4,17,3,4,80,0,12,3,4,6,5,1,2
37,1462,11,3,1,1411,1,94,3,1,3,3629,19106,4,18,3,1,80,0,8,6,3,3,2,0,2
24,567,2,1,1,1646,1,32,3,1,4,3760,17218,1,13,3,3,80,0,6,2,3,6,3,1,3
37,977,1,3,1,1196,4,56,2,2,4,6474,9961,1,13,3,2,80,1,14,2,2,14,8,3,11
35,776,1,4,1,100,3,32,2,2,1,4312,23016,0,14,3,2,80,0,16,2,3,15,13,2,8
43,1034,16,3,1,327,4,80,3,4,4,16064,7744,5,22,4,3,80,1,22,3,3,17,13,1,9
31,587,2,4,1,1324,4,57,3,3,3,9852,8935,1,19,3,1,80,1,10,5,2,10,8,9,6
35,1490,11,4,1,2003,4,43,3,1,3,2660,20232,7,11,3,3,80,1,5,3,3,2,2,2,2
32,1125,16,1,1,33,2,72,1,1,1,3919,4681,1,22,4,2,80,0,10,5,3,10,2,6,7
27,798,6,4,1,655,1,66,2,1,3,2187,5013,0,12,3,3,80,2,6,5,2,5,3,0,3
44,1315,3,4,1,671,4,35,3,5,4,19513,9358,4,12,3,1,80,1,26,2,4,2,2,0,1
45,364,25,3,1,1306,2,83,3,5,2,18061,13035,3,22,4,3,80,0,22,4,3,0,0,0,0
26,1443,23,3,1,72,3,47,2,2,4,4157,21436,7,19,3,3,80,1,5,2,2,2,2,0,0
54,584,22,5,1,1665,2,91,3,4,3,17426,18685,3,25,4,3,80,1,36,6,3,10,8,4,7
34,1239,13,4,1,1951,4,39,3,3,3,8628,22914,1,18,3,3,80,1,9,2,2,8,7,1,1
36,216,6,2,1,178,2,84,3,2,2,4941,2819,6,20,4,4,80,2,7,0,3,3,2,0,1
26,496,11,2,1,390,1,60,3,2,1,4741,22722,1,13,3,3,80,1,5,3,3,5,3,3,3
49,301,22,4,1,1655,1,72,3,4,2,16413,3498,3,16,3,2,80,2,27,2,3,4,2,1,2
38,1261,2,4,1,271,4,88,3,2,3,6553,7259,9,14,3,2,80,0,14,3,3,1,0,0,0
45,1457,7,3,1,1195,1,83,3,1,3,4477,20100,4,19,3,3,80,1,7,2,2,3,2,0,2
51,1469,8,4,1,296,2,81,2,3,2,12490,15736,5,16,3,4,80,2,16,5,1,10,9,4,7
24,477,24,3,1,1173,4,49,3,1,2,3597,6409,8,22,4,4,80,0,6,2,3,4,3,1,2
30,570,5,3,1,456,4,30,2,2,3,6118,5431,1,13,3,3,80,3,10,2,3,10,9,1,2
35,1212,8,2,1,1243,3,78,2,3,4,10377,13755,4,11,3,2,80,1,16,6,2,13,2,4,12
38,371,2,3,1,24,4,45,3,1,4,3944,4306,5,11,3,3,80,0,6,3,3,3,2,1,2
32,967,8,3,1,207,2,43,3,3,4,8998,15589,1,14,3,4,80,0,9,2,3,9,8,3,7
22,617,3,1,1,926,2,34,3,2,3,4171,10022,0,19,3,1,80,1,4,3,4,3,2,0,2
49,636,10,4,1,396,3,35,3,5,1,18665,25594,9,11,3,4,80,0,22,4,3,3,2,1,2
34,426,10,4,1,1615,3,42,4,2,4,4724,17000,1,13,3,1,80,1,9,3,3,9,7,7,2
35,464,4,2,1,53,3,75,3,1,4,1951,10910,1,12,3,3,80,1,1,3,3,1,0,0,0
55,436,2,1,1,842,3,37,3,2,4,5160,21519,4,16,3,3,80,0,12,3,2,9,7,7,3
40,530,1,4,1,119,3,78,2,4,2,13503,14115,1,22,4,4,80,1,22,3,2,22,3,11,11
53,970,7,3,1,730,3,59,4,4,3,14814,13514,3,19,3,3,80,0,32,3,3,5,1,1,3
24,1127,18,1,1,150,2,52,3,1,3,2774,13257,0,12,3,3,80,1,6,2,3,5,3,1,2
57,405,1,2,1,1483,2,93,4,2,3,4900,2721,0,24,4,1,80,1,13,2,2,12,9,2,8
26,1330,21,3,1,1107,1,37,3,1,3,2377,19373,1,20,4,3,80,1,1,0,2,1,1,0,0
34,1031,6,4,1,151,3,45,2,2,2,4505,15000,6,15,3,3,80,1,12,3,3,1,0,0,0
42,1265,3,3,1,894,3,95,4,2,4,5231,23726,2,13,3,2,80,1,17,1,2,5,3,1,3
56,310,7,2,1,2032,4,72,3,1,3,2339,3666,8,11,3,4,80,1,14,4,1,10,9,9,8
33,1242,8,4,1,1560,1,46,3,2,1,6392,10589,2,13,3,4,80,1,8,6,1,2,2,2,2
31,703,2,3,1,1379,3,90,2,1,4,2785,11882,7,14,3,3,80,0,3,3,4,1,0,0,0
36,1040,3,2,1,1664,4,79,4,2,1,6842,26308,6,20,4,1,80,1,13,3,3,5,4,0,4
38,243,7,4,1,709,4,46,2,2,4,4028,7791,0,20,4,1,80,0,8,2,3,7,7,0,5
35,727,3,3,1,704,3,41,2,1,3,1281,16900,1,18,3,3,80,2,1,3,3,1,0,0,0
56,441,14,4,1,161,2,72,3,1,2,4963,4510,9,18,3,1,80,3,7,2,3,5,4,4,3
29,408,23,1,1,1165,4,45,2,3,1,7336,11162,1,13,3,1,80,1,11,3,1,11,8,3,10
56,718,4,4,1,1191,4,92,3,5,1,19943,18575,4,13,3,4,80,1,28,2,3,5,2,4,2
46,228,3,3,1,1527,3,51,3,4,2,16606,11380,8,12,3,4,80,1,23,2,4,13,12,5,1
41,1206,23,2,1,1678,4,80,3,3,3,7082,11591,3,16,3,4,80,0,21,2,3,2,0,0,2
58,682,10,4,1,131,4,37,3,4,3,13872,24409,0,13,3,3,80,0,38,1,2,37,10,1,8
44,111,17,3,1,1206,4,74,1,1,3,2290,4279,2,13,3,4,80,0,6,3,3,0,0,0,0
40,299,25,4,1,1318,4,57,2,3,2,9094,17235,2,12,3,3,80,0,9,2,3,5,4,1,0
50,410,28,3,1,2055,4,39,2,3,1,10854,16586,4,13,3,2,80,1,20,3,3,3,2,2,0
46,669,9,2,1,118,3,64,2,3,4,9619,13596,1,16,3,4,80,0,9,3,3,9,8,4,7
35,982,1,4,1,1172,4,58,2,1,3,2258,16340,6,12,3,2,80,1,10,2,3,8,0,1,7
51,1169,7,4,1,211,2,34,2,2,3,6132,13983,2,17,3,3,80,0,10,2,3,1,0,0,0
49,1023,2,3,1,2065,4,63,2,2,2,5390,13243,2,14,3,4,80,0,17,3,2,9,6,0,8
22,1368,4,1,1,593,3,99,2,1,3,3894,9129,5,16,3,3,80,0,4,3,3,2,2,1,2
35,1349,7,2,1,1601,3,63,2,1,4,2690,7713,1,18,3,4,80,1,1,5,2,1,0,0,1
24,1287,7,3,1,647,1,55,3,1,3,2886,14168,1,16,3,4,80,1,6,4,3,6,3,1,2
35,1343,27,1,1,856,3,53,2,1,1,2559,17852,1,11,3,4,80,0,6,3,2,6,5,1,1
29,746,24,3,1,1928,3,45,4,1,1,1091,10642,1,17,3,4,80,0,1,3,3,1,0,0,0
32,267,29,4,1,2010,3,49,2,1,2,2837,15919,1,13,3,3,80,0,6,3,3,6,2,4,1
26,482,1,2,1,1893,2,90,2,1,3,2933,14908,1,13,3,3,80,1,1,3,2,1,0,1,0
45,556,25,2,1,1888,2,93,2,2,4,5906,23888,0,13,3,4,80,2,10,2,2,9,8,3,8
27,1134,16,4,1,1001,3,37,3,1,2,2811,12086,9,14,3,2,80,1,4,2,3,2,2,2,2
43,1422,2,4,1,1849,1,92,3,2,4,5675,19246,1,20,4,3,80,1,7,5,3,7,7,7,7
46,488,2,3,1,363,3,75,1,4,2,16872,14977,3,12,3,2,80,1,28,2,2,7,7,7,7
33,970,7,3,1,1114,4,30,3,2,2,4302,13401,0,17,3,3,80,1,4,3,3,3,2,0,2
33,1111,5,1,1,1395,2,61,3,2,4,9998,19293,6,13,3,1,80,0,8,2,4,5,4,1,2
45,930,9,3,1,864,4,74,3,3,1,10761,19239,4,12,3,3,80,1,18,2,3,5,4,0,2
41,1085,2,4,1,927,2,57,1,1,4,2778,17725,4,13,3,3,80,1,10,1,2,7,7,1,0
33,516,8,5,1,1515,4,69,3,2,3,6388,22049,2,17,3,1,80,0,14,6,3,0,0,0,0
47,217,3,3,1,746,4,49,3,4,3,13770,10225,9,12,3,4,80,2,28,2,2,22,2,11,13
32,371,19,3,1,1739,4,80,1,3,3,9610,3840,3,13,3,3,80,1,10,2,1,4,3,0,2
32,116,13,3,1,1234,3,77,2,1,2,2743,7331,1,20,4,3,80,1,2,2,3,2,2,2,2
34,1153,1,2,1,110,1,94,3,2,2,4325,17736,1,15,3,3,80,0,5,2,3,5,2,1,3
34,669,1,3,1,1184,4,97,2,2,1,5343,25755,0,20,4,3,80,0,14,3,3,13,9,4,9
36,845,1,5,1,479,4,45,3,2,4,6653,15276,4,15,3,2,80,0,7,6,3,1,0,0,0
37,1189,3,3,1,152,3,87,3,3,4,7428,14506,2,12,3,1,80,0,12,3,3,5,3,1,3
47,1180,25,3,1,1993,1,84,3,3,3,8633,13084,2,23,4,2,80,0,25,3,3,17,14,12,11
50,1452,11,3,1,226,3,53,3,5,2,19926,17053,3,15,3,2,80,0,21,5,3,5,4,4,4
41,1200,22,3,1,1392,4,75,3,2,4,5467,13953,3,14,3,1,80,2,12,4,2,6,2,3,3
36,894,1,4,1,1662,4,33,2,2,3,4374,15411,0,15,3,3,80,0,4,6,3,3,2,1,2
35,219,16,2,1,1886,4,44,2,2,2,4788,25388,0,11,3,4,80,0,4,2,3,3,2,0,2
48,855,4,3,1,1363,4,54,3,3,4,7898,18706,1,11,3,3,80,0,11,2,3,10,9,0,8
36,427,8,3,1,742,1,63,4,3,1,11713,20335,9,14,3,1,80,1,10,2,3,8,7,0,5
36,711,5,4,1,1651,2,42,3,3,1,8008,22792,4,12,3,3,80,2,9,6,3,3,2,0,2
50,1099,29,4,1,569,2,88,2,4,3,17046,9314,0,15,3,2,80,1,28,2,3,27,10,15,7
36,1425,14,1,1,924,3,68,3,2,4,6586,4821,0,17,3,1,80,1,17,2,2,16,8,4,11
33,827,29,4,1,1101,1,54,2,2,3,4508,3129,1,22,4,2,80,0,14,4,3,13,7,3,8
32,827,1,1,1,134,4,71,3,1,1,2956,15178,1,13,3,4,80,0,1,2,3,1,0,0,0
38,1327,2,2,1,361,4,39,2,2,4,5249,19682,3,18,3,4,80,1,13,0,3,8,7,7,5
50,1464,2,4,1,1061,2,62,3,5,3,19237,12853,2,11,3,4,80,1,29,2,2,8,1,7,7
42,570,8,3,1,809,2,66,3,5,4,18430,16225,1,13,3,2,80,1,24,4,2,24,7,14,9
48,492,16,4,1,1557,3,96,3,2,3,6439,13693,8,14,3,3,80,1,18,2,3,8,7,7,7
39,116,24,1,1,2014,1,52,3,2,4,4108,5340,7,13,3,1,80,0,18,2,3,7,7,1,7
59,1225,1,1,1,91,1,57,2,2,3,5473,24668,7,11,3,4,80,0,20,2,2,4,3,1,3
33,508,10,3,1,446,2,46,2,2,4,4682,4317,3,14,3,3,80,0,9,6,2,7,7,0,1
37,309,10,4,1,1105,4,88,2,2,4,6694,24223,2,14,3,3,80,3,8,5,3,1,0,0,0
32,1259,2,4,1,1692,4,95,3,1,2,1393,24852,1,12,3,1,80,0,1,2,3,1,0,0,0
21,984,1,1,1,1131,4,70,2,1,2,2070,25326,1,11,3,3,80,0,2,6,4,2,2,2,2
19,602,1,1,1,235,3,100,1,1,1,2325,20989,0,21,4,1,80,0,1,5,4,0,0,0,0
46,150,2,4,1,1228,4,60,3,2,4,7379,17433,2,11,3,3,80,1,12,3,2,6,3,1,4
39,835,19,4,1,1871,4,41,3,2,4,3902,5141,8,14,3,2,80,3,7,2,3,2,2,2,2
33,587,10,1,1,584,1,38,1,1,4,3408,6705,7,13,3,1,80,3,8,2,3,4,3,1,3
38,201,10,3,1,2015,2,99,1,3,3,13206,3376,3,12,3,1,80,1,20,3,3,18,16,1,11
37,1192,5,2,1,460,4,61,3,2,4,6347,23177,7,16,3,3,80,2,8,2,2,6,2,0,4
32,638,8,2,1,865,3,91,4,2,3,5175,22162,5,12,3,3,80,1,9,3,2,5,3,1,3
59,1089,1,2,1,1048,2,66,3,3,4,11904,11038,3,14,3,3,80,1,14,1,1,6,4,0,4
44,920,24,3,1,392,4,43,3,1,3,3161,19920,3,22,4,4,80,1,19,0,1,1,0,0,0
30,990,7,3,1,1482,3,64,3,1,3,1274,7152,1,13,3,2,80,2,1,2,2,1,0,0,0
40,676,9,4,1,1534,4,86,3,1,1,2018,21831,3,14,3,2,80,0,15,3,1,5,4,1,0
49,527,8,2,1,944,1,51,3,3,2,7403,22477,4,11,3,3,80,1,29,3,2,26,9,1,7
42,355,10,4,1,1854,3,38,3,1,3,2936,6161,3,22,4,2,80,2,10,1,2,6,3,3,3
41,930,3,3,1,2037,3,57,2,2,2,8938,12227,2,11,3,3,80,1,14,5,3,5,4,0,4
26,683,2,1,1,1407,1,36,2,1,4,3904,4050,0,12,3,4,80,0,5,2,3,4,3,1,1
40,1300,24,2,1,335,1,62,3,2,4,3319,24447,1,17,3,1,80,2,9,3,3,9,8,4,7
54,376,19,4,1,799,4,95,3,2,1,5485,22670,9,11,3,2,80,2,9,4,3,5,3,1,4
30,1082,12,3,1,533,2,83,3,2,3,6577,19558,0,11,3,2,80,0,6,6,3,5,4,4,4
45,1329,2,2,1,1635,4,59,2,2,4,5770,5388,1,19,3,1,80,2,10,3,3,10,7,3,9
37,807,6,4,1,133,3,63,3,1,1,2073,23648,4,22,4,4,80,0,7,3,3,3,2,0,2
43,1372,9,3,1,1188,1,85,1,2,3,5346,9489,8,13,3,2,80,0,7,2,2,4,3,1,3
48,1224,10,3,1,1867,4,91,2,5,2,19665,13583,4,12,3,4,80,0,29,3,3,22,10,12,9
50,1421,2,3,1,1215,4,30,3,4,1,17856,9490,2,22,4,3,80,1,32,3,3,2,2,2,2
56,1369,23,3,1,1373,4,68,3,4,2,13402,18235,4,12,3,1,80,1,33,0,3,19,16,15,9
26,471,24,3,1,622,3,66,1,1,4,2340,23213,1,18,3,2,80,0,1,3,1,1,0,0,0
30,1427,2,1,1,198,2,35,2,1,4,2720,11162,0,13,3,4,80,0,6,3,3,5,3,1,2
27,1131,15,3,1,1870,4,77,2,1,1,4774,23844,0,19,3,4,80,1,8,2,2,7,6,7,3
25,622,13,1,1,645,2,40,3,1,3,2096,26376,1,11,3,3,80,0,7,1,3,7,4,0,6
44,1097,10,4,1,1200,3,96,3,1,3,2936,10826,1,11,3,3,80,0,6,4,3,6,4,0,2
45,954,2,2,1,783,2,46,1,2,3,6632,12388,0,13,3,1,80,0,9,3,3,8,7,3,1
31,311,20,3,1,1881,2,89,3,2,3,4197,18624,1,11,3,1,80,1,10,2,3,10,8,0,2
40,218,8,1,1,1468,4,55,2,3,2,13757,25178,2,11,3,3,80,1,16,5,3,9,8,4,8
52,1030,5,3,1,1319,2,64,3,3,2,8446,21534,9,19,3,3,80,0,10,2,2,8,7,7,7
38,268,2,5,1,773,4,92,3,1,3,3057,20471,6,13,3,2,80,1,6,0,1,1,0,0,1
49,1091,1,2,1,431,3,90,2,4,3,13964,17810,7,12,3,4,80,0,25,2,3,7,1,0,7
51,942,3,3,1,1786,1,53,3,3,3,13116,22984,2,11,3,4,80,0,15,2,3,2,2,2,2
29,1107,28,4,1,1120,3,93,3,1,4,2514,26968,4,22,4,1,80,1,11,1,3,7,5,1,7
29,144,10,1,1,463,4,39,2,2,2,8268,11866,1,14,3,1,80,2,7,2,3,7,7,1,7
44,528,1,3,1,1683,3,44,3,1,4,3195,4167,4,18,3,1,80,3,8,2,3,2,2,2,2
31,140,12,1,1,246,3,95,3,1,4,3929,6984,8,23,4,3,80,1,7,0,3,4,2,0,2
41,796,4,1,1,1815,3,81,3,3,3,10447,26458,0,13,3,4,80,1,23,3,4,22,14,13,5
46,638,1,3,1,124,3,40,2,3,1,10673,3142,2,13,3,3,80,1,21,5,2,10,9,9,5
49,470,20,4,1,170,3,96,3,2,1,6567,5549,1,14,3,3,80,0,16,2,2,15,11,5,11
21,156,12,3,1,494,3,90,4,1,2,2716,25422,1,15,3,4,80,0,1,0,3,1,0,0,0
40,1094,28,3,1,615,3,58,1,3,1,10932,11373,3,15,3,3,80,1,20,2,3,1,0,0,1
44,1467,20,3,1,1475,4,49,3,1,2,3420,21158,1,13,3,3,80,0,6,3,2,5,2,1,3
50,1046,10,3,1,491,4,100,2,3,4,10496,2755,6,15,3,4,80,0,20,2,3,4,3,1,3
50,1115,1,3,1,141,1,73,3,5,2,18172,9755,3,19,3,1,80,0,28,1,2,8,3,0,7
32,601,7,5,1,1446,4,97,3,2,4,9204,23343,4,12,3,3,80,1,7,3,2,4,3,0,3
31,542,20,3,1,175,2,71,1,2,3,4559,24788,3,11,3,3,80,1,4,2,3,2,2,2,2
42,933,29,3,1,836,2,98,3,2,2,4434,11806,1,13,3,4,80,1,10,3,2,9,8,7,8
18,544,3,2,1,1624,2,70,3,1,4,1569,18420,1,12,3,3,80,0,0,2,4,0,0,0,0
58,147,23,4,1,165,4,94,3,3,4,10312,3465,1,12,3,4,80,1,40,3,2,40,10,15,6
33,1076,3,3,1,702,1,70,3,1,1,3348,3164,1,11,3,1,80,0,10,3,3,10,8,9,7
34,1111,8,2,1,808,3,93,3,2,1,6500,13305,5,17,3,2,80,1,6,1,3,3,2,1,2
40,750,12,3,1,1829,2,47,3,2,1,4448,10748,2,12,3,2,80,1,15,3,3,7,4,7,7
45,788,24,4,1,1049,2,36,3,1,2,2177,8318,1,16,3,1,80,0,6,3,3,6,3,0,4
55,685,26,5,1,1578,3,60,2,5,4,19586,23037,1,21,4,3,80,1,36,3,3,36,6,2,13
34,204,14,3,1,666,3,31,3,1,3,2579,2912,1,18,3,4,80,2,8,3,3,8,2,0,6
32,1045,4,4,1,291,4,32,1,3,4,10400,25812,1,11,3,3,80,0,14,2,2,14,8,9,8
38,397,2,2,1,1638,4,54,2,3,3,7756,14199,3,19,3,4,80,1,10,6,4,5,4,0,2
53,661,1,4,1,1775,1,60,2,4,3,12965,22308,4,20,4,4,80,3,27,2,2,3,2,0,2
51,1178,14,2,1,500,3,87,3,2,4,4936,14862,4,11,3,3,80,1,18,2,2,7,7,0,7
23,1243,6,3,1,811,3,63,4,1,1,1601,3445,1,21,4,3,80,2,1,2,3,0,0,0,0
39,203,2,3,1,1127,1,84,3,4,4,12169,13547,7,11,3,4,80,3,21,4,3,18,7,11,5
27,1103,14,3,1,1244,1,42,3,1,1,2235,14377,1,14,3,4,80,2,9,3,2,9,7,6,8
46,734,2,4,1,1789,3,46,3,5,4,19328,14218,7,17,3,3,80,1,24,3,3,2,1,2,2
33,832,5,4,1,338,3,63,2,1,4,2911,14776,1,13,3,3,80,1,2,2,2,2,2,0,2
36,172,4,4,1,1435,1,37,2,2,4,5810,22604,1,16,3,3,80,0,10,2,2,10,4,1,8
24,350,21,2,1,1551,3,57,2,1,1,2296,10036,0,14,3,2,80,3,2,3,3,1,1,0,0
41,1283,5,5,1,1448,2,90,4,1,3,2127,5561,2,12,3,1,80,0,7,5,2,4,2,0,3
28,783,1,2,1,1927,3,42,2,2,4,6834,19255,1,12,3,3,80,1,7,2,3,7,7,0,7
47,1482,5,5,1,447,4,42,3,5,3,18300,16375,4,11,3,2,80,1,21,2,3,3,2,1,1
35,130,25,4,1,881,4,96,3,1,2,2022,16612,1,19,3,1,80,1,10,3,2,10,2,7,8
33,1303,7,2,1,1970,4,36,3,2,3,5968,18079,1,20,4,3,80,3,9,2,3,9,7,2,8
41,802,9,1,1,176,3,96,3,3,3,8189,21196,3,13,3,3,80,1,12,2,3,9,7,0,7
47,571,14,3,1,1503,3,78,3,2,3,4591,24200,3,17,3,3,80,1,11,4,2,5,4,1,2
36,132,6,3,1,97,2,55,4,1,4,3038,22002,3,12,3,2,80,0,5,3,3,1,0,0,0
30,921,1,3,1,806,4,38,1,1,3,3833,24375,3,21,4,3,80,2,7,2,3,2,2,0,2
50,1322,28,3,1,1317,4,43,3,4,1,16880,22422,4,11,3,2,80,0,25,2,3,3,2,1,2
52,1053,1,2,1,976,4,70,3,4,4,17099,13829,2,15,3,2,80,1,26,2,2,9,8,7,8
35,950,7,3,1,845,3,59,3,3,3,10221,18869,3,21,4,2,80,0,17,3,4,8,5,1,6
19,265,25,3,1,1269,2,57,4,1,4,2994,21221,1,12,3,4,80,0,1,2,3,1,0,0,1
50,797,4,1,1,385,1,96,3,5,2,19144,15815,3,14,3,1,80,2,28,4,2,10,4,1,6
28,304,9,4,1,498,2,92,3,2,4,5253,20750,1,16,3,4,80,0,7,1,3,7,5,0,7
53,1219,2,4,1,23,1,78,2,4,4,15427,22021,2,16,3,3,80,0,31,3,3,25,8,3,7
31,1082,1,4,1,95,3,87,3,1,2,2501,18775,1,17,3,2,80,0,1,4,3,1,1,1,0
36,1195,11,3,1,85,2,95,2,2,2,6499,22656,1,13,3,3,80,0,6,3,3,6,5,0,3
48,277,6,3,1,1022,1,97,2,2,3,4240,13119,2,13,3,4,80,0,19,0,3,2,2,2,2
25,383,9,2,1,1439,1,68,2,1,1,4400,15182,3,12,3,1,80,0,6,2,3,3,2,2,2
37,367,25,2,1,1161,3,52,2,2,4,5731,17171,7,13,3,3,80,2,9,2,3,6,2,1,3
29,428,9,3,1,1752,2,52,1,1,2,2760,14630,1,13,3,3,80,0,2,3,3,2,2,2,2
22,217,8,1,1,1019,2,94,1,1,1,2451,6881,1,15,3,1,80,1,4,3,2,4,3,1,1
44,1117,2,1,1,1246,1,72,4,1,4,2011,19982,1,13,3,4,80,1,10,5,3,10,5,7,7
58,1145,9,3,1,214,2,75,2,1,2,3346,11873,4,20,4,2,80,1,9,3,2,1,0,0,0
31,979,1,4,1,308,3,90,1,2,3,4345,4381,0,12,3,4,80,1,6,2,3,5,4,1,4
28,1496,1,3,1,1486,1,92,3,1,3,2909,15747,3,15,3,4,80,1,5,3,4,3,2,1,2
39,360,23,3,1,1310,3,93,3,1,1,3904,22154,0,13,3,1,80,0,6,2,3,5,2,0,3
27,1054,8,3,1,1751,3,67,3,1,4,3445,6152,1,11,3,3,80,0,6,5,2,6,2,1,4
38,240,2,4,1,803,1,75,4,2,1,5980,26085,6,12,3,4,80,0,17,2,3,15,7,4,12
36,1157,2,4,1,1556,3,70,3,1,4,2644,17001,3,21,4,4,80,0,7,3,2,3,2,1,2
36,363,1,3,1,1237,3,77,1,3,1,10252,4235,2,21,4,3,80,1,17,2,3,7,7,7,7
41,334,2,4,1,410,4,88,3,4,2,16015,15896,1,19,3,2,80,0,22,2,3,22,10,0,4
46,1034,18,1,1,624,1,86,3,3,3,10527,8984,5,11,3,4,80,0,28,3,2,2,2,1,2
43,823,6,3,1,1866,1,81,2,5,3,19392,22539,7,13,3,4,80,0,21,2,3,16,12,6,14
44,661,9,2,1,913,2,61,3,1,1,2559,7508,1,13,3,4,80,0,8,0,3,8,7,7,1
31,741,2,4,1,1721,2,69,3,1,3,3477,18103,1,14,3,4,80,1,6,2,4,5,2,0,3
42,532,4,2,1,319,3,58,3,5,4,19232,4933,1,11,3,4,80,0,22,3,3,22,17,11,15
50,804,9,3,1,1030,1,64,3,1,4,2380,20165,4,18,3,2,80,0,8,5,3,1,0,0,0
54,397,19,4,1,698,3,88,3,3,2,10725,6729,2,15,3,3,80,1,16,1,4,9,7,7,1
40,630,4,4,1,215,3,67,2,3,4,10855,8552,7,11,3,1,80,1,15,2,2,12,11,2,11
46,168,4,2,1,1280,4,33,2,5,2,18789,9946,2,14,3,3,80,1,26,2,3,11,4,0,8
36,506,3,3,1,397,3,30,3,2,2,4485,26285,4,12,3,4,80,0,10,2,3,8,0,7,7
47,465,1,3,1,1438,1,74,3,1,4,3420,10205,7,12,3,3,80,1,17,2,2,6,5,1,2
55,1311,2,3,1,505,3,97,3,4,4,16659,23258,2,13,3,3,80,0,30,2,3,5,4,1,2
24,240,22,1,1,1714,4,58,1,1,3,1555,11585,1,11,3,3,80,1,1,2,3,1,0,0,0
33,1099,4,4,1,1502,1,82,2,1,2,3838,8192,8,11,3,4,80,0,8,5,3,5,4,0,2
18,287,5,2,1,1012,2,73,3,1,4,1051,13493,1,15,3,4,80,0,0,2,3,0,0,0,0
25,867,19,2,1,952,3,36,2,1,2,2413,18798,1,18,3,3,80,3,1,2,3,1,0,0,0
32,1373,5,4,1,1966,4,56,2,2,4,9679,10138,8,24,4,2,80,0,8,1,3,1,0,0,0
26,1066,2,2,1,1018,4,32,4,2,4,5472,3334,1,12,3,2,80,0,8,2,3,8,7,1,3
28,120,4,3,1,129,2,43,3,2,3,4221,8863,1,15,3,2,80,0,5,3,4,5,4,0,4
35,1199,18,4,1,2049,3,80,3,2,3,5689,24594,1,14,3,4,80,2,10,2,4,10,2,0,2
36,796,12,5,1,1073,4,51,2,3,4,8858,15669,0,11,3,2,80,0,15,2,2,14,8,7,8
25,883,26,1,1,781,3,32,3,2,4,6180,22807,1,23,4,2,80,0,6,5,2,6,5,1,4
29,726,29,1,1,1859,4,93,1,2,3,6384,21143,8,17,3,4,80,2,11,3,3,7,0,1,6
28,760,2,4,1,846,2,81,3,2,2,4779,3698,1,20,4,1,80,0,8,2,3,8,7,7,5
33,465,2,2,1,328,1,39,3,1,1,2707,21509,7,20,4,1,80,0,13,3,4,9,7,1,7
56,667,1,4,1,2026,3,57,3,2,3,6306,26236,1,21,4,1,80,1,13,2,2,13,12,1,9
54,821,5,2,1,522,1,86,3,5,1,19406,8509,4,11,3,3,80,1,24,4,2,4,2,1,2
42,1396,6,3,1,1911,3,83,3,3,1,13348,14842,9,13,3,2,80,1,18,3,4,13,7,5,7
32,1005,2,2,1,8,4,79,3,1,4,3068,11864,0,13,3,3,80,0,8,2,2,7,7,3,6
19,1181,3,1,1,201,2,79,3,1,2,1483,16102,1,14,3,4,80,0,1,3,3,1,0,0,0
36,884,1,4,1,1585,2,73,3,2,3,6815,21447,6,13,3,1,80,0,15,5,3,1,0,0,0
36,1278,8,3,1,878,1,77,2,1,1,2342,8635,0,21,4,3,80,0,6,3,3,5,4,0,3
31,793,20,3,1,1135,3,67,4,1,4,2791,21981,0,12,3,1,80,1,3,4,3,2,2,2,2
34,1400,9,1,1,1163,2,70,3,2,3,5714,5829,1,20,4,1,80,0,6,3,2,6,5,1,3
39,672,7,2,1,444,3,54,2,5,4,19272,21141,1,15,3,1,80,1,21,2,3,21,9,13,3
45,194,9,3,1,206,2,60,3,2,2,2348,10901,8,18,3,3,80,1,20,2,1,17,9,0,15
35,664,1,3,1,88,2,79,3,1,1,2194,5868,4,13,3,4,80,1,5,2,2,3,2,1,2
26,950,4,4,1,401,4,48,2,2,4,5828,8450,1,12,3,2,80,0,8,0,3,8,7,7,4
35,556,23,2,1,261,2,50,2,2,3,5916,15497,3,13,3,1,80,0,8,1,3,1,0,0,1
35,1029,16,3,1,1529,4,91,2,3,2,8606,21195,1,19,3,4,80,0,11,3,1,11,8,3,3
36,1105,24,4,1,419,2,47,3,2,2,5674,6927,7,15,3,3,80,1,11,3,3,9,8,0,8
21,996,3,2,1,379,4,100,2,1,3,3230,10531,1,17,3,1,80,0,3,4,4,3,2,1,0
38,437,16,3,1,1583,2,90,3,2,2,4198,16379,2,12,3,2,80,0,8,5,4,3,2,1,2
55,444,2,1,1,1074,3,40,2,4,1,16756,17323,7,15,3,2,80,0,31,3,4,9,7,6,2
37,1239,8,2,1,1794,3,89,3,2,2,4071,12832,2,13,3,3,80,0,19,4,2,10,0,4,7
40,898,6,2,1,1550,3,38,3,4,4,16437,17381,1,21,4,4,80,0,21,2,3,21,7,7,7
35,1276,16,3,1,586,4,72,3,3,3,7632,14295,4,12,3,3,80,0,10,2,3,8,7,0,0
26,1384,3,4,1,1177,1,82,4,1,4,4420,13421,1,22,4,2,80,1,8,2,3,8,7,0,7
30,1012,5,4,1,861,2,75,2,1,4,3761,2373,9,12,3,2,80,1,10,3,2,5,4,0,3
34,254,1,2,1,649,2,83,2,1,4,3622,22794,1,13,3,4,80,1,6,3,3,6,5,1,3
34,1130,3,3,1,1658,4,66,3,2,2,5433,19332,1,12,3,3,80,1,11,2,3,11,8,7,9
34,234,9,4,1,1807,4,93,3,2,1,5346,6208,4,17,3,3,80,1,11,3,2,7,1,0,7
37,1231,21,2,1,900,3,54,3,1,4,2973,21222,5,15,3,2,80,1,10,3,3,5,4,0,0
40,1151,9,5,1,287,4,63,2,2,4,4876,14242,9,14,3,4,80,1,5,5,1,3,2,0,2
59,1435,25,3,1,81,1,99,3,3,1,7637,2354,7,11,3,4,80,0,28,3,2,21,16,7,9
48,1469,20,4,1,945,4,51,3,1,3,2259,5543,4,17,3,1,80,2,13,2,2,0,0,0,0
36,917,6,4,1,1221,3,60,1,1,3,2741,6865,1,14,3,3,80,1,7,4,3,7,7,1,7
46,1402,2,3,1,1204,3,69,3,4,1,17048,24097,8,23,4,1,80,0,28,2,3,26,15,15,9
38,148,2,3,1,1675,4,42,2,1,2,2440,23826,1,22,4,2,80,0,4,3,3,4,3,3,3
30,1312,2,4,1,1745,4,78,2,1,1,4968,26427,0,16,3,4,80,0,10,2,3,9,7,0,7
49,271,3,2,1,1509,3,43,2,2,1,4789,23070,4,25,4,1,80,1,10,3,3,3,2,1,2
29,574,20,1,1,1852,4,40,3,1,4,3812,7003,1,13,3,2,80,0,11,3,4,11,8,3,10
50,854,1,4,1,323,4,68,3,5,4,19517,24118,3,11,3,3,80,1,32,3,2,7,0,0,6
45,1015,5,5,1,1611,3,50,1,2,1,5769,23447,1,14,3,1,80,0,10,3,3,10,7,1,4
28,1476,16,2,1,412,2,68,4,2,1,5661,4824,0,19,3,3,80,0,9,2,3,8,3,0,7
46,566,7,2,1,1007,4,75,3,3,3,10845,24208,6,13,3,2,80,1,13,3,3,8,7,0,7
52,771,2,4,1,329,1,79,2,5,3,19068,21030,1,18,3,4,80,0,33,2,4,33,7,15,12
41,906,5,2,1,1210,1,95,2,1,1,2107,20293,6,17,3,1,80,1,5,2,1,1,0,0,0
45,549,8,4,1,452,4,75,3,2,4,3697,9278,9,14,3,1,80,2,12,3,3,10,9,9,8
26,474,3,3,1,1581,1,89,3,1,4,2061,11133,1,21,4,1,80,0,1,5,3,1,0,0,0
30,1334,4,2,1,121,3,63,2,2,2,5209,19760,1,12,3,2,80,3,11,4,2,11,8,2,7
39,1253,10,1,1,1800,3,65,3,3,3,13464,7914,7,21,4,3,80,0,9,3,3,4,3,2,2
34,258,21,4,1,621,4,74,4,2,4,5337,19921,1,12,3,4,80,0,10,3,3,10,7,5,7
34,699,6,1,1,31,2,83,3,1,1,2960,17102,2,11,3,3,80,0,8,2,3,4,2,1,3
35,660,7,1,1,1492,4,76,3,1,3,2404,16192,1,13,3,1,80,1,1,3,3,1,0,0,0
45,974,1,4,1,996,4,91,3,1,4,2270,11005,3,14,3,4,80,2,8,2,3,5,3,0,2
31,1062,24,3,1,1252,3,96,2,2,1,6812,17198,1,19,3,2,80,0,10,2,3,10,9,1,8
45,538,1,4,1,1553,1,66,3,3,2,7441,20933,1,12,3,1,80,3,10,4,3,10,8,7,7
43,244,2,3,1,1778,2,97,3,1,4,3539,5033,0,13,3,2,80,0,10,5,3,9,7,1,8
36,566,18,4,1,407,3,81,4,1,4,3688,7122,4,18,3,4,80,2,4,2,3,1,0,0,0
38,395,9,3,1,893,2,98,2,1,2,2899,12102,0,19,3,4,80,1,3,3,3,2,2,1,2
31,106,2,3,1,424,1,62,2,2,1,6410,17822,3,12,3,4,80,0,9,1,3,2,2,1,0
55,1091,2,1,1,1096,4,65,3,3,2,10976,15813,3,18,3,2,80,1,23,4,3,3,2,1,2
35,1296,5,4,1,464,3,62,3,3,2,8095,18264,0,13,3,4,80,0,17,5,3,16,6,0,13
30,1176,20,3,1,1084,3,85,3,2,1,9957,9096,0,15,3,3,80,1,7,1,2,6,2,0,2
47,543,2,4,1,1731,3,87,3,2,2,4978,3536,7,11,3,4,80,1,4,3,1,1,0,0,0
36,1266,10,4,1,1880,2,63,2,2,3,5673,6060,1,13,3,1,80,1,10,4,3,10,9,1,7
35,1224,7,4,1,1962,3,55,3,2,4,5204,13586,1,11,3,4,80,0,10,2,3,10,8,0,9
33,813,14,3,1,325,3,58,3,1,4,2436,22149,5,13,3,3,80,1,8,2,1,5,4,0,4
29,1082,9,4,1,1709,4,43,3,1,3,2974,25412,9,17,3,3,80,1,9,2,3,5,3,1,2
41,256,10,2,1,1329,3,40,1,2,2,6151,22074,1,13,3,1,80,0,19,4,3,19,2,11,9
33,775,4,3,1,1771,4,90,3,2,2,3055,6194,5,15,3,4,80,2,11,2,2,9,8,1,7
55,452,1,3,1,374,4,81,3,5,1,19045,18938,0,14,3,3,80,0,37,2,3,36,10,4,13
20,871,6,3,1,137,4,66,2,1,4,2926,19783,1,18,3,2,80,0,1,5,3,1,0,1,0
27,1450,3,3,1,224,3,79,2,1,3,2566,25326,1,15,3,4,80,1,1,2,2,1,1,0,1
44,170,1,4,1,1903,2,78,4,2,1,5033,9364,2,15,3,4,80,1,10,5,3,2,0,2,2
38,849,25,2,1,421,1,81,2,3,2,12061,26707,3,17,3,3,80,1,19,2,3,10,8,0,1
26,933,1,3,1,476,3,57,3,2,3,5296,20156,1,17,3,2,80,1,8,3,3,8,7,7,7
38,1490,2,2,1,556,4,42,3,1,4,1702,12106,1,23,4,3,80,1,1,3,3,1,0,0,0
26,157,1,3,1,1952,3,95,3,1,1,2867,20006,0,13,3,4,80,0,8,6,2,7,7,7,6
30,109,5,3,1,1017,2,60,3,1,2,2422,25725,0,17,3,1,80,0,4,3,3,3,2,1,2
41,933,9,4,1,200,3,94,3,1,1,2238,6961,2,21,4,4,80,1,7,2,3,5,0,1,4
34,704,28,3,1,2035,4,95,2,2,3,6712,8978,1,21,4,4,80,2,8,2,3,8,7,1,7
33,603,9,4,1,1157,1,77,3,2,1,8224,18385,0,17,3,1,80,0,6,3,3,5,2,0,3
34,1362,19,3,1,502,1,67,4,2,4,5304,4652,8,13,3,2,80,0,9,3,2,5,2,0,4
34,1351,1,4,1,1580,2,45,3,2,4,5484,13008,9,17,3,2,80,1,9,3,2,2,2,2,1
26,1096,6,3,1,1918,3,61,4,1,4,2544,7102,0,18,3,1,80,1,8,3,3,7,7,7,7
32,1318,10,4,1,1853,4,79,3,2,4,4648,26075,8,13,3,3,80,0,4,2,4,0,0,0,0
21,251,10,2,1,1279,1,45,2,1,3,2625,25308,1,20,4,3,80,0,2,2,1,2,2,2,2
25,583,4,1,1,885,3,87,2,2,1,4256,18154,1,12,3,1,80,0,5,1,4,5,2,0,3
27,591,2,1,1,7,1,40,3,1,2,3468,16632,9,12,3,4,80,1,6,3,3,2,2,2,2
34,1326,3,3,1,1478,4,81,1,2,1,4759,15891,3,18,3,4,80,0,15,2,3,13,9,3,12
28,1172,3,3,1,1875,2,78,3,1,2,2856,3692,1,19,3,4,80,1,1,3,3,1,0,0,0
30,1339,5,3,1,228,2,41,3,3,4,9419,8053,2,12,3,3,80,1,12,2,3,10,9,7,4
28,1009,1,3,1,1111,1,45,2,1,2,2596,7160,1,15,3,1,80,2,1,2,3,1,0,0,0
29,806,1,4,1,710,2,76,1,1,4,2720,18959,1,18,3,4,80,1,10,5,3,10,7,2,8
21,1427,18,1,1,923,4,65,3,1,4,2693,8870,1,19,3,1,80,0,1,3,2,1,0,0,0
51,684,6,3,1,162,1,51,3,5,3,19537,6462,7,13,3,3,80,0,23,5,3,20,18,15,15
32,689,9,2,1,195,4,35,1,2,4,4668,22812,0,17,3,4,80,3,9,2,4,8,7,0,7
58,1216,15,4,1,1837,1,87,3,4,3,15787,21624,2,14,3,2,80,0,23,3,3,2,2,2,2
36,1396,5,2,1,304,4,62,3,2,2,5914,9945,8,16,3,4,80,0,16,3,4,13,11,3,7
42,1368,28,4,1,551,4,88,2,2,4,4523,4386,0,11,3,4,80,3,7,4,4,6,5,0,4
31,1188,20,2,1,947,4,45,3,2,3,6932,24406,1,13,3,4,80,1,9,2,2,9,8,0,0
42,647,4,4,1,1171,2,45,3,2,1,5155,2253,7,13,3,4,80,0,9,3,4,6,4,1,5
28,193,2,3,1,1296,4,52,2,1,4,3867,14222,1,12,3,2,80,1,2,2,3,2,2,2,2
37,1017,1,2,1,340,3,83,2,1,1,3920,18697,2,14,3,1,80,1,17,2,2,3,1,0,2
30,911,1,2,1,1989,4,76,3,1,2,3748,4077,1,13,3,3,80,0,12,6,2,12,8,1,7
45,589,2,4,1,1845,3,67,3,2,3,5154,19665,4,22,4,2,80,2,10,3,4,8,7,5,7
29,1283,23,3,1,495,4,54,3,1,4,2201,18168,9,16,3,4,80,0,6,4,3,3,2,1,2
46,1125,10,3,1,580,3,94,2,3,4,9071,11563,2,19,3,3,80,1,15,3,3,3,2,1,2
34,629,27,2,1,247,4,95,3,1,2,2311,5711,2,15,3,4,80,0,9,3,3,3,2,1,2
43,394,26,2,1,158,3,92,3,4,4,16959,19494,1,12,3,4,80,2,25,3,4,25,12,4,12
47,983,2,2,1,574,1,65,3,2,4,5070,7389,5,13,3,3,80,3,20,2,3,5,0,0,4
32,1311,7,3,1,359,2,100,4,1,2,2794,26062,1,20,4,3,80,0,5,3,1,5,1,0,3
39,1162,3,2,1,445,4,41,3,2,3,5238,17778,4,18,3,1,80,0,12,3,2,1,0,0,0
38,888,10,4,1,1563,3,71,3,2,3,6077,14814,3,11,3,3,80,0,10,2,3,6,3,1,2
28,736,26,3,1,1387,3,48,2,2,1,4724,24232,1,11,3,3,80,1,5,0,3,5,3,0,4
29,738,9,5,1,455,2,30,2,1,4,3983,7621,0,17,3,3,80,0,4,2,3,3,2,2,2
29,1328,2,3,1,94,3,76,3,1,2,2703,4956,0,23,4,4,80,1,6,3,3,5,4,0,4
32,379,5,2,1,889,2,48,3,2,2,6524,8891,1,14,3,4,80,1,10,3,3,10,8,5,3
43,1473,8,4,1,526,3,74,3,2,3,4522,2227,4,14,3,4,80,0,8,3,3,5,2,0,2
22,391,7,1,1,1878,4,75,3,1,2,2472,26092,1,23,4,1,80,0,1,2,3,1,0,0,0
34,702,16,4,1,838,3,100,2,1,4,2553,8306,1,16,3,3,80,0,6,3,3,5,2,1,3
34,829,15,3,1,1485,2,71,3,4,1,17007,11929,7,14,3,4,80,2,16,3,2,14,8,6,9
55,111,1,2,1,106,1,70,3,3,4,10239,18092,3,14,3,4,80,1,24,4,3,1,0,1,0
52,258,8,4,1,1409,3,54,3,1,1,2950,17363,9,13,3,3,80,0,12,2,1,5,4,0,4
31,329,1,2,1,530,4,98,2,1,1,2218,16193,1,12,3,3,80,1,4,3,3,4,2,3,2
38,770,10,4,1,1119,3,73,2,3,3,8740,5569,0,14,3,2,80,2,9,2,3,8,7,2,7
55,1136,1,4,1,1424,2,81,4,4,4,14732,12414,2,13,3,4,80,2,31,4,4,7,7,0,0
31,1332,11,2,1,1251,3,80,3,2,1,6833,17089,1,12,3,4,80,0,6,2,2,6,5,0,1
23,541,2,1,1,113,3,62,3,1,1,2322,9518,3,13,3,3,80,1,3,3,3,0,0,0,0
27,793,2,1,1,1371,4,43,1,2,4,5071,20392,3,20,4,2,80,0,8,3,3,6,2,0,0
44,1376,1,2,1,1098,2,91,2,3,1,10482,2326,9,14,3,4,80,1,24,1,3,20,6,3,6
36,928,1,2,1,857,2,56,3,2,4,6201,2823,1,14,3,4,80,1,18,1,2,18,14,4,11
34,1157,5,2,1,1696,2,57,2,2,4,3986,11912,1,14,3,3,80,1,15,3,4,15,10,4,13
35,1229,8,1,1,63,4,36,4,1,4,2269,4892,1,19,3,4,80,0,1,2,3,1,0,0,1
41,247,7,1,1,1035,2,55,1,5,3,19973,20284,1,22,4,2,80,2,21,3,3,21,16,5,10
33,867,8,4,1,1798,4,90,4,1,1,3143,6076,6,19,3,2,80,1,14,1,3,10,8,7,6
39,443,8,1,1,602,3,48,3,1,3,3755,17872,1,11,3,1,80,1,8,3,3,8,3,0,7
44,981,5,3,1,1471,3,90,2,1,3,3162,7973,3,14,3,4,80,0,7,5,3,5,2,0,3
38,330,17,1,1,1088,3,65,2,3,3,8823,24608,0,18,3,1,80,1,20,4,2,19,9,1,9
32,548,1,3,1,96,2,66,3,2,2,6220,7346,1,17,3,2,80,2,10,3,3,10,4,0,9
50,959,1,4,1,1113,4,81,3,2,3,4728,17251,3,14,3,4,80,0,5,4,3,0,0,0,0
48,117,22,3,1,1900,4,58,3,4,4,17174,2437,3,11,3,2,80,1,24,3,3,22,17,4,7
33,827,1,4,1,998,3,84,4,2,2,5488,20161,1,13,3,1,80,1,6,2,3,6,5,1,2
50,809,12,3,1,174,3,77,3,3,4,9208,6645,4,11,3,4,80,0,16,3,3,2,2,2,1
28,654,1,2,1,741,1,67,1,1,2,2216,3872,7,13,3,4,80,0,10,4,3,7,7,3,7
30,1400,3,3,1,562,3,53,3,1,4,2097,16734,4,15,3,3,80,1,9,3,1,5,3,1,4
40,658,10,4,1,954,1,67,2,3,2,9705,20652,2,12,3,2,80,1,11,2,2,1,0,0,0
30,501,27,5,1,747,3,99,3,2,4,5304,25275,7,23,4,4,80,1,10,2,2,8,7,7,7
56,1443,11,5,1,1935,4,89,2,2,1,5380,20328,4,16,3,3,80,1,6,3,3,0,0,0,0
32,1033,9,3,1,190,1,41,3,1,1,4200,10224,7,22,4,1,80,0,10,2,4,5,4,0,4
31,534,20,3,1,587,1,66,3,3,3,9824,22908,3,12,3,1,80,0,12,2,3,1,0,0,0
39,766,20,3,1,1812,3,83,3,2,4,4127,19188,2,18,3,4,80,1,7,6,3,2,1,2,2
42,691,8,4,1,35,3,48,3,2,2,6825,21173,0,11,3,4,80,1,10,2,3,9,7,4,2
42,555,26,3,1,404,3,77,3,4,2,13525,14864,5,14,3,4,80,1,23,2,4,20,4,4,8
32,585,10,3,1,1720,1,56,3,1,3,3433,17360,6,13,3,1,80,1,10,3,2,5,2,1,3
27,1337,22,3,1,1944,1,58,2,1,2,2863,19555,1,12,3,1,80,0,1,2,3,1,0,0,0
55,478,2,3,1,1770,3,60,2,5,1,19038,19805,8,12,3,2,80,3,34,2,3,1,0,0,0
26,920,20,2,1,1818,4,69,3,1,2,2148,6889,0,11,3,3,80,0,6,3,3,5,1,1,4
30,201,5,3,1,197,4,84,3,1,1,3204,10415,5,14,3,4,80,1,8,3,3,3,2,2,2
48,708,7,2,1,1691,4,95,3,1,3,2655,11740,2,11,3,3,80,2,19,3,3,9,7,7,7
25,180,2,1,1,854,1,65,4,1,1,3424,21632,7,13,3,3,80,0,6,3,2,4,3,0,1
24,1371,10,4,1,507,4,77,3,2,3,4260,5915,1,12,3,4,80,1,5,2,4,5,2,0,3
38,168,1,3,1,743,3,81,3,3,3,7861,15397,4,14,3,4,80,0,10,4,4,1,0,0,0
36,938,2,4,1,958,3,79,3,1,3,2519,12287,4,21,4,3,80,0,16,6,3,11,8,3,9
52,322,28,2,1,1401,4,59,4,4,3,13247,9731,2,11,3,2,80,1,24,3,2,5,3,0,2
52,319,3,3,1,543,4,39,2,3,3,7969,19609,2,14,3,3,80,0,28,4,3,5,4,0,4
32,128,2,1,1,362,4,84,2,2,1,2176,19737,4,13,3,4,80,0,9,5,3,6,2,0,4
39,1122,6,3,1,932,4,70,3,1,1,2404,4303,7,21,4,4,80,0,8,2,1,2,2,2,2
40,1395,26,3,1,202,2,54,3,2,2,5605,8504,1,11,3,1,80,1,20,2,3,20,7,2,13
34,967,16,4,1,1905,4,85,1,1,1,2307,14460,1,23,4,2,80,1,5,2,3,5,2,3,0
52,699,1,4,1,259,3,65,2,5,3,19999,5678,0,14,3,1,80,1,34,5,3,33,18,11,9
27,1410,3,1,1,714,4,71,4,2,4,4647,16673,1,20,4,2,80,2,6,3,3,6,5,0,4
43,1273,2,2,1,46,4,72,4,1,3,2645,21923,1,12,3,4,80,2,6,3,2,5,3,1,4
53,1070,3,4,1,386,3,45,3,4,3,17584,21016,3,16,3,4,80,3,21,5,2,5,3,1,3
49,279,8,1,1,2,3,61,2,2,2,5130,24907,1,23,4,4,80,1,10,3,3,10,7,1,7
30,600,8,3,1,1747,3,66,2,1,4,2180,9732,6,11,3,3,80,1,6,0,2,4,2,1,2
40,663,9,4,1,1449,3,81,3,2,3,3975,23099,3,11,3,3,80,2,11,2,4,8,7,0,7
32,1018,3,2,1,727,3,39,3,3,4,11159,19373,3,15,3,4,80,0,10,6,3,7,7,7,7
45,1238,1,1,1,1712,3,74,2,3,3,10748,3395,3,23,4,4,80,1,25,3,2,23,15,14,4
54,928,20,4,1,450,4,31,3,2,3,4869,16885,3,12,3,4,80,0,20,4,2,4,3,0,3
42,188,29,3,1,1148,2,56,1,2,4,4272,9558,4,19,3,1,80,0,16,3,3,1,0,0,0
31,1327,3,4,1,337,2,73,3,3,3,13675,13523,9,12,3,1,80,1,9,3,3,2,2,2,2
42,469,2,2,1,1109,4,35,3,4,1,17665,14399,0,17,3,4,80,1,23,3,3,22,6,13,7
45,561,2,3,1,606,4,61,3,2,2,4805,16177,0,19,3,2,80,1,9,3,4,8,7,3,7
55,692,14,4,1,254,3,61,4,5,2,18722,13339,8,11,3,4,80,0,36,3,3,24,15,2,15
35,622,14,4,1,1010,3,39,2,1,2,3743,10074,1,24,4,4,80,1,5,2,1,4,2,0,2
26,887,5,2,1,848,3,88,2,1,3,2366,20898,1,14,3,1,80,1,8,2,3,8,7,1,7
28,791,1,4,1,1286,4,44,3,1,3,2154,6842,0,11,3,3,80,0,5,2,2,4,2,0,2
24,535,24,3,1,632,4,38,3,1,4,2400,5530,0,13,3,3,80,2,3,3,3,2,2,2,1
46,1485,18,3,1,550,3,87,3,2,3,4810,26314,2,14,3,3,80,1,19,5,2,10,7,0,8
26,1355,25,1,1,177,3,61,3,1,3,2942,8916,1,23,4,4,80,1,8,3,3,8,7,5,7
42,1128,13,3,1,1803,2,95,4,2,1,5538,5696,5,18,3,3,80,2,10,2,2,0,0,0,0
55,725,2,3,1,787,4,78,3,5,1,19859,21199,5,13,3,4,80,1,24,2,3,5,2,1,4
31,746,8,4,1,98,3,61,3,2,4,4424,20682,1,23,4,4,80,0,11,2,3,11,7,1,8
34,1442,9,3,1,717,4,46,2,3,2,8621,17654,1,14,3,2,80,0,9,3,4,8,7,7,7
24,693,3,2,1,720,1,65,3,2,3,4577,24785,9,14,3,1,80,0,4,3,3,2,2,2,0
39,1251,21,4,1,1929,1,32,1,2,3,5736,3987,6,19,3,3,80,1,10,1,3,3,2,1,2
55,836,2,4,1,1873,2,98,2,1,4,2662,7975,8,20,4,2,80,1,19,2,4,5,2,0,4
35,538,25,2,1,652,1,54,2,2,4,3681,14004,4,14,3,4,80,0,9,3,3,3,2,0,2
31,1125,1,3,1,1956,4,48,1,2,1,5003,5771,1,21,4,2,80,0,10,6,3,10,8,8,7
39,408,2,4,1,721,4,80,2,2,3,4553,20978,1,11,3,1,80,0,20,4,3,20,7,11,10
36,430,2,4,1,1847,4,73,3,2,2,6962,19573,4,22,4,4,80,1,15,2,3,1,0,0,0
39,945,22,3,1,1043,4,82,3,3,1,10880,5083,1,13,3,3,80,0,21,2,3,21,6,2,8
42,557,18,4,1,1998,4,35,3,2,1,5410,11189,6,17,3,3,80,1,9,3,2,4,3,1,2
27,728,23,1,1,1864,2,36,2,2,3,3540,7018,1,21,4,4,80,1,9,5,3,9,8,5,8
45,1385,20,2,1,372,3,79,3,4,4,13496,7501,0,14,3,2,80,0,21,2,3,20,7,4,10
32,499,2,1,1,1396,3,36,3,2,2,4078,20497,0,13,3,1,80,3,4,3,2,3,2,1,2
35,880,12,4,1,1667,4,36,3,2,4,4581,10414,3,24,4,1,80,0,13,2,4,11,9,6,7
29,1010,1,3,1,1249,1,97,3,1,4,3760,5598,1,15,3,1,80,3,3,5,3,3,2,1,2
31,523,2,3,1,1464,2,94,3,1,4,3722,21081,6,13,3,3,80,1,7,2,1,2,2,2,2
25,685,1,3,1,350,1,62,3,2,3,4898,7505,0,12,3,4,80,2,5,3,3,4,2,1,2
52,1490,4,2,1,546,4,30,3,4,4,16555,10310,2,13,3,4,80,0,31,2,1,5,2,1,4
38,471,12,3,1,837,1,45,2,2,1,6288,4284,2,15,3,3,80,1,13,3,2,4,3,1,2
43,1001,9,5,1,663,4,72,3,2,3,5679,19627,3,13,3,2,80,1,10,3,3,8,7,4,7
37,889,9,3,1,403,2,53,3,1,4,2326,11411,1,12,3,3,80,3,4,3,2,4,2,1,2
40,1329,7,3,1,1649,1,73,3,1,1,2166,3339,3,14,3,2,80,0,10,3,1,4,2,0,3
47,1225,2,4,1,1676,2,47,4,4,2,15972,21086,6,14,3,3,80,3,29,2,3,3,2,1,2
39,1383,2,3,1,909,4,42,2,2,4,5204,7790,8,11,3,3,80,2,13,2,3,5,4,0,4
59,1429,18,4,1,1283,4,67,3,3,4,10512,20002,6,12,3,4,80,0,25,6,2,9,7,5,4
29,992,1,3,1,300,3,85,3,1,3,2058,19757,0,14,3,4,80,0,7,1,2,6,2,1,5
39,613,6,1,1,2062,4,42,2,3,1,9991,21457,4,15,3,1,80,1,9,5,3,7,7,1,7
31,335,9,2,1,991,3,46,2,1,1,2321,10322,0,22,4,1,80,0,4,0,3,3,2,1,2
33,1216,8,4,1,677,3,39,3,2,3,7104,20431,0,12,3,4,80,0,6,3,3,5,0,1,2
56,1255,1,2,1,1441,1,90,3,1,1,2066,10494,2,22,4,4,80,1,5,3,4,3,2,1,0
35,384,8,4,1,805,1,72,3,1,4,2572,20317,1,16,3,2,80,1,3,1,2,3,2,0,2
54,431,7,4,1,1830,4,68,3,2,4,6854,15696,4,15,3,2,80,1,14,2,2,7,1,1,7
40,580,5,4,1,729,4,48,2,3,1,10475,23772,5,21,4,3,80,1,20,2,3,18,13,1,12
34,182,1,4,1,797,2,72,4,1,4,3280,13551,2,16,3,3,80,0,10,2,3,4,2,1,3
34,1480,4,3,1,1882,3,64,3,3,4,9713,24444,2,13,3,4,80,3,9,3,3,5,3,1,0
36,329,2,3,1,501,4,96,3,1,3,2543,11868,4,13,3,2,80,1,6,3,3,2,2,2,2
36,1213,2,1,1,1890,2,94,2,2,4,3886,4223,1,21,4,4,80,0,10,2,2,10,1,0,8
29,1389,21,4,1,20,2,51,4,3,1,9980,10195,1,11,3,3,80,1,10,1,3,10,9,8,8
29,718,8,1,1,1150,2,79,2,2,4,5056,17689,1,15,3,3,80,1,10,2,2,10,7,1,2
42,458,26,5,1,1242,1,60,3,3,1,13191,23281,3,17,3,3,80,0,20,6,3,1,0,0,0
52,994,7,4,1,1118,2,87,3,3,2,10445,15322,7,19,3,4,80,0,18,4,3,8,6,4,0
34,810,8,2,1,1823,2,92,4,2,3,6799,22128,1,21,4,3,80,2,10,5,3,10,8,4,8
48,969,2,2,1,1258,4,76,4,1,2,2559,16620,5,11,3,3,80,0,7,4,2,1,0,0,0
41,642,1,3,1,1999,4,76,3,1,4,2782,21412,3,22,4,1,80,1,12,3,3,5,3,1,0
35,583,25,4,1,1014,3,57,3,3,3,10388,6975,1,11,3,3,80,1,16,3,2,16,10,10,1
36,335,17,2,1,1908,3,33,2,2,2,5507,16822,2,16,3,3,80,2,12,1,1,4,2,1,3
36,688,4,2,1,2025,4,97,3,2,2,5131,9192,7,13,3,2,80,3,18,3,3,4,2,0,2
35,1315,22,3,1,381,2,71,4,3,2,11996,19100,7,18,3,2,80,1,10,6,2,7,7,6,2
41,509,7,2,1,1085,2,43,4,1,3,3376,18863,1,13,3,3,80,0,10,3,3,10,6,0,8
34,507,15,2,1,1356,3,66,3,2,1,6125,23553,1,12,3,4,80,0,10,6,4,10,8,9,6
26,1283,1,3,1,956,3,52,2,2,1,4294,11148,1,12,3,2,80,0,7,2,3,7,7,0,7
24,1206,17,1,1,1009,4,41,2,2,3,4377,24117,1,15,3,2,80,2,5,6,3,4,2,3,2
30,305,16,3,1,1763,3,58,4,2,3,5294,9128,3,16,3,3,80,1,10,3,3,7,0,1,7
26,583,4,2,1,1275,3,53,3,1,4,2875,9973,1,20,4,2,80,0,8,2,2,8,5,2,2
35,1402,28,4,1,1554,2,98,2,1,3,2430,26204,0,23,4,1,80,2,6,5,3,5,3,4,2
46,1319,3,3,1,1863,1,45,4,4,1,13225,7739,2,12,3,4,80,1,25,5,3,19,17,2,8
50,333,22,5,1,1539,3,88,1,4,4,14411,24450,1,13,3,4,80,0,32,2,3,32,6,13,9
42,933,19,3,1,752,3,57,4,1,3,2759,20366,6,12,3,4,80,0,7,2,3,2,2,2,2
40,1322,2,4,1,2048,3,52,2,1,3,2809,2725,2,14,3,4,80,0,8,2,3,2,2,2,2
51,237,9,3,1,1282,4,83,3,5,2,19847,19196,4,24,4,1,80,1,31,5,2,29,10,11,10
18,1124,1,3,1,1368,4,97,3,1,4,1611,19305,1,15,3,3,80,0,0,5,4,0,0,0,0
26,1146,8,3,1,796,4,38,2,2,1,5326,3064,6,17,3,3,80,0,6,2,2,4,3,1,2
47,202,2,2,1,820,3,33,3,4,4,16752,12982,1,11,3,3,80,1,26,3,2,26,14,3,0
33,211,16,3,1,1758,1,74,3,3,1,8564,10092,2,20,4,3,80,0,11,2,2,0,0,0,0
46,991,1,2,1,1314,4,44,3,1,1,3423,22957,6,12,3,3,80,0,10,3,4,7,6,5,7
42,622,2,4,1,659,3,81,3,2,4,4089,5718,1,13,3,2,80,2,10,4,3,10,2,2,2
31,192,2,4,1,426,3,32,3,1,4,2695,7747,0,18,3,2,80,1,3,2,1,2,2,2,2
34,648,11,3,1,1289,3,56,2,2,2,4490,21833,4,11,3,4,80,2,14,5,4,10,9,1,8
29,1413,1,1,1,312,2,42,3,3,4,7918,6599,1,14,3,4,80,1,11,5,3,11,10,4,1
36,559,12,4,1,1614,3,76,3,2,3,4663,12421,9,12,3,2,80,2,7,2,3,3,2,1,1
27,1242,20,3,1,293,4,90,3,2,3,9981,12916,1,14,3,4,80,0,7,2,3,7,7,0,7
50,264,9,3,1,1591,3,59,3,5,3,19331,19519,4,16,3,3,80,1,27,2,3,1,0,0,0
33,530,16,3,1,1681,3,36,3,2,4,5368,16130,1,25,4,3,80,1,7,2,3,6,5,1,2
42,1147,10,3,1,1408,3,31,3,4,1,16799,16616,0,14,3,3,80,1,21,5,3,20,7,0,9
24,691,23,3,1,639,2,89,4,1,4,2725,21630,1,11,3,2,80,2,6,3,3,6,5,1,4
22,253,11,3,1,511,1,43,3,1,2,2244,24440,1,13,3,4,80,1,2,1,3,2,1,1,2
34,1003,2,2,1,1140,4,95,3,2,3,4033,15834,2,11,3,4,80,0,5,3,2,3,2,0,2
40,448,16,3,1,1641,3,84,3,3,4,7945,19948,6,15,3,4,80,0,18,2,2,4,2,3,3
27,1297,5,2,1,1850,4,53,3,1,4,2379,19826,0,14,3,3,80,0,6,3,2,5,4,0,2
29,1378,13,2,1,2053,4,46,2,2,2,4025,23679,4,13,3,1,80,1,10,2,3,4,3,0,3
32,427,1,3,1,78,1,33,3,2,4,6162,10877,1,22,4,2,80,1,9,3,3,9,8,7,8
45,176,4,3,1,1744,3,56,1,3,3,9756,6595,4,21,4,3,80,2,9,2,4,5,0,0,3
28,1181,1,3,1,1799,3,82,3,1,4,2044,5531,1,11,3,3,80,1,5,6,4,5,3,0,3
51,833,1,3,1,353,3,96,3,1,4,2723,23231,1,11,3,2,80,0,1,0,2,1,0,0,0
53,346,6,3,1,769,4,86,3,2,4,2450,10919,2,17,3,4,80,0,19,4,3,2,2,2,2
38,152,10,3,1,983,3,85,3,2,4,5666,19899,1,13,3,2,80,0,6,1,3,5,3,1,3
29,1247,20,2,1,349,4,45,3,2,4,6931,10732,2,14,3,4,80,1,10,2,3,3,2,0,2
50,869,3,2,1,47,1,86,2,1,3,2683,3810,1,14,3,3,80,0,3,2,3,3,2,0,2
48,1108,15,4,1,1576,3,65,3,1,1,2367,16530,8,12,3,4,80,1,10,3,2,8,2,7,6
35,1361,17,4,1,1218,3,94,3,2,1,8966,21026,3,15,3,4,80,3,15,2,3,7,7,1,7
46,1144,7,4,1,487,3,30,3,2,3,5258,16044,2,14,3,3,80,0,7,2,4,1,0,0,0
28,1103,16,3,1,1947,3,49,3,1,3,2144,2122,1,14,3,3,80,0,5,3,2,5,3,1,4
32,1018,2,4,1,439,1,74,4,2,4,5055,10557,7,16,3,3,80,0,10,0,2,7,7,0,7
34,1107,9,4,1,1467,1,52,3,1,3,2742,3072,1,15,3,4,80,0,2,0,3,2,2,2,2
34,285,29,3,1,1377,2,86,3,2,3,5429,17491,4,13,3,1,80,2,10,1,3,8,7,7,7
46,717,13,4,1,1727,3,34,3,2,2,5562,9697,6,14,3,4,80,0,19,3,3,10,7,0,9
36,607,7,3,1,1362,1,83,4,2,1,4639,2261,2,16,3,4,80,1,17,2,2,15,7,6,13
36,1383,10,3,1,1790,4,90,3,3,1,8321,25949,7,13,3,4,80,1,15,1,3,12,8,5,7
23,977,10,3,1,1592,4,45,4,1,3,2073,12826,2,16,3,4,80,1,4,2,3,2,2,2,2
50,881,2,4,1,905,1,98,3,4,1,17924,4544,1,11,3,4,80,1,31,3,3,31,6,14,7
37,482,3,3,1,689,3,36,3,3,3,9434,9606,1,15,3,3,80,1,10,2,3,10,7,7,8
43,990,27,3,1,1599,4,87,4,1,2,4876,5855,5,12,3,3,80,1,8,0,3,6,4,0,2
45,1339,7,3,1,86,2,59,3,3,1,9724,18787,2,17,3,3,80,1,25,2,3,1,0,0,0
45,1449,2,3,1,1277,1,94,1,5,2,18824,2493,2,16,3,1,80,0,26,2,3,24,10,1,11
40,1416,2,2,1,352,1,49,3,5,3,19436,5949,0,19,3,4,80,1,22,5,3,21,7,3,9
49,1261,7,3,1,499,2,31,2,3,3,10965,12066,8,24,4,3,80,0,26,2,3,5,2,0,0
54,685,3,3,1,1250,4,85,3,4,4,17779,23474,3,14,3,1,80,0,36,2,3,10,9,0,9
31,798,7,2,1,442,3,48,2,3,3,8943,14034,1,24,4,1,80,1,10,2,3,10,9,8,9
36,1434,8,4,1,789,1,76,2,3,1,7587,14229,1,15,3,2,80,0,10,1,3,10,7,0,9
30,125,9,2,1,41,4,83,2,1,3,2206,16117,1,13,3,1,80,0,10,5,3,10,0,1,8
36,635,18,1,1,286,2,73,3,1,4,2153,7703,1,13,3,1,80,0,8,2,3,8,1,1,7
32,929,10,3,1,722,4,55,3,2,4,5396,21703,1,12,3,4,80,0,10,2,2,10,7,0,8
27,1167,4,2,1,1259,1,76,3,1,3,2517,3208,1,11,3,2,80,3,5,2,3,5,3,0,3
49,1418,1,3,1,887,3,36,3,1,1,3580,10554,2,16,3,2,80,1,7,2,3,4,2,0,2
45,1448,29,3,1,1465,2,55,3,3,4,9380,14720,4,18,3,4,80,2,10,4,4,3,1,1,2
33,586,1,3,1,855,1,48,4,2,1,4037,21816,1,22,4,1,80,1,9,5,3,9,8,0,8
41,1411,19,2,1,334,3,36,3,2,1,3072,19877,2,16,3,1,80,2,17,2,2,1,0,0,0
45,1316,29,3,1,192,3,83,3,1,4,3452,9752,5,13,3,2,80,0,9,2,2,6,5,0,3
27,975,7,3,1,764,4,55,2,2,1,6811,23398,8,19,3,1,80,0,9,2,1,7,6,0,7
30,855,7,4,1,1428,4,73,3,2,1,4779,12761,7,14,3,2,80,2,8,3,3,3,2,0,2
29,1246,19,3,1,1497,3,77,2,2,3,8620,23757,1,14,3,3,80,2,10,3,3,10,7,0,4
38,1495,10,3,1,634,3,76,3,2,3,9824,22174,3,19,3,3,80,1,18,4,3,1,0,0,0
31,196,29,4,1,1784,1,91,2,2,4,5468,13402,1,14,3,1,80,2,13,3,3,12,7,5,7
39,524,18,2,1,1322,1,32,3,2,3,4534,13352,0,11,3,1,80,0,9,6,3,8,7,1,7
50,328,1,3,1,249,3,86,2,1,3,3690,3425,2,15,3,4,80,1,5,2,2,3,2,0,2
31,853,1,1,1,1011,3,96,3,2,1,4148,11275,1,12,3,3,80,1,4,1,3,4,3,0,3
23,427,7,3,1,1702,3,99,3,1,4,2275,25103,1,21,4,2,80,1,3,2,3,3,2,0,2
23,373,1,2,1,1270,4,47,3,1,3,1223,16901,1,22,4,4,80,1,1,2,3,1,0,0,1
34,1065,23,4,1,60,2,72,3,2,3,4568,10034,0,20,4,3,80,0,10,2,3,9,5,8,7
20,129,4,3,1,960,1,84,3,1,1,2973,13008,1,19,3,2,80,0,1,2,3,1,0,0,0
44,1313,7,3,1,1608,2,31,3,5,4,19049,3549,0,14,3,4,80,1,23,4,2,22,7,1,10
24,1353,3,2,1,128,1,33,3,2,3,4999,17519,0,21,4,1,80,1,4,2,2,3,2,0,2
26,575,3,1,1,510,3,73,3,1,1,3102,6582,0,22,4,3,80,0,7,2,3,6,4,0,4
38,688,23,4,1,393,4,82,3,2,4,5745,18899,9,14,3,2,80,1,10,2,3,2,2,1,2
50,989,7,2,1,80,2,43,2,5,3,18740,16701,5,12,3,4,80,1,29,2,2,27,3,13,8
37,1040,2,2,1,139,3,100,2,2,4,5163,15850,5,14,3,4,80,1,17,2,4,1,0,0,0
50,878,1,4,1,2044,2,94,3,2,3,6728,14255,7,12,3,4,80,2,12,3,3,6,3,0,1
29,341,1,3,1,896,2,48,2,1,3,2800,23522,6,19,3,3,80,3,5,3,3,3,2,0,2
29,1086,7,1,1,912,1,62,2,1,4,2532,6054,6,14,3,3,80,3,8,5,3,4,3,0,3
31,202,8,3,1,1433,1,34,2,1,2,1261,22262,1,12,3,3,80,0,1,3,4,1,0,0,0
54,155,9,2,1,1969,1,67,3,2,3,2897,22474,3,11,3,3,80,2,9,6,2,4,3,2,3
28,773,6,3,1,1154,3,39,2,1,3,2703,22088,1,14,3,4,80,1,3,2,3,3,1,0,2
35,1395,9,4,1,2008,2,48,3,2,3,5098,18698,1,19,3,2,80,0,10,5,3,10,7,0,8
52,890,25,4,1,867,3,81,2,4,4,13826,19028,3,22,4,3,80,0,31,3,3,9,8,0,0
33,924,2,3,1,39,3,78,3,1,4,2496,6670,4,11,3,4,80,0,7,3,3,1,1,0,0
35,819,18,5,1,1621,2,48,4,2,1,5208,26312,1,11,3,4,80,0,16,2,3,16,15,1,10
29,442,2,2,1,388,2,44,3,2,4,4554,20260,1,18,3,1,80,0,10,3,2,10,7,0,9
35,104,2,3,1,1569,1,69,3,1,1,2074,26619,1,12,3,4,80,1,1,2,3,1,0,0,0
39,170,3,2,1,1627,3,76,2,2,3,3069,10302,0,15,3,4,80,1,11,3,3,10,8,0,7
33,1198,1,4,1,939,3,100,2,1,1,2799,3339,3,11,3,2,80,0,6,1,3,3,2,0,2
29,1496,1,1,1,208,4,41,3,2,3,4319,26283,1,13,3,1,80,1,10,1,3,10,7,0,9
35,992,1,3,1,1564,4,68,2,1,1,2450,21731,1,19,3,2,80,0,3,3,3,3,0,1,2
41,1018,1,3,1,1349,3,66,3,2,1,4103,4297,0,17,3,4,80,1,10,2,3,9,3,1,7
44,1199,4,2,1,1288,3,92,4,5,1,19190,17477,1,14,3,4,80,2,26,4,2,25,9,14,13
43,982,12,3,1,520,1,59,2,4,2,14336,4345,1,11,3,3,80,1,25,3,3,25,10,3,9
34,1333,10,4,1,1055,3,87,3,1,3,2220,18410,1,19,3,4,80,1,1,2,3,1,1,0,0
47,1162,1,1,1,2000,3,98,3,3,2,11957,17231,0,18,3,1,80,2,14,3,1,13,8,5,12
44,1193,2,1,1,1496,2,86,3,3,3,10209,19719,5,18,3,2,80,0,16,2,2,2,2,2,2
31,1060,1,3,1,1331,4,54,3,1,2,2302,8319,1,11,3,1,80,0,3,2,4,3,2,2,2
42,300,2,3,1,2031,1,56,3,5,3,18880,17312,5,11,3,1,80,0,24,2,2,22,6,4,14
44,921,2,3,1,1703,3,96,4,3,4,7879,14810,1,19,3,2,80,1,9,2,3,8,7,6,7
54,1082,2,4,1,1070,3,41,2,3,3,10686,8392,6,11,3,2,80,1,13,4,3,9,4,7,0
21,756,1,1,1,478,1,99,2,1,2,2174,9150,1,11,3,3,80,0,3,3,3,3,2,1,2
30,740,1,3,1,1562,2,64,2,2,1,9714,5323,1,11,3,4,80,1,10,4,3,10,8,6,7
42,926,21,2,1,270,3,36,3,2,3,5265,16439,2,16,3,2,80,1,11,5,3,5,3,0,2
29,592,7,3,1,1883,4,59,3,1,1,2062,19384,3,14,3,2,80,0,11,2,3,3,2,1,2
60,1499,28,3,1,573,3,80,2,3,1,10266,2845,4,19,3,4,80,0,22,5,4,18,13,13,11
43,313,21,3,1,525,4,61,3,1,4,2258,15238,7,20,4,1,80,1,8,1,3,3,2,1,2
36,541,3,4,1,481,1,48,2,3,4,9699,7246,4,11,3,1,80,1,16,2,3,13,9,1,12
38,345,10,2,1,2041,1,100,3,2,4,5343,5982,1,11,3,3,80,1,10,1,3,10,7,1,9
28,950,3,3,1,1121,4,93,3,3,2,7655,8039,0,17,3,2,80,3,10,3,2,9,7,1,7
33,575,25,3,1,1545,4,44,2,2,2,4320,24152,1,13,3,4,80,0,5,2,3,5,3,0,2
33,536,10,5,1,1268,4,82,4,3,3,8380,21708,0,14,3,4,80,2,10,3,3,9,8,0,8
32,1474,11,4,1,631,4,60,4,2,3,4707,23914,8,12,3,4,80,0,6,2,3,4,2,1,2
41,1102,1,2,1,1,2,94,3,2,4,5993,19479,8,11,3,1,80,0,8,0,1,6,4,0,5
50,691,2,3,1,815,3,64,3,4,3,17639,6881,5,16,3,4,80,0,30,3,3,4,3,0,3
54,1147,3,3,1,303,4,52,3,2,1,5940,17011,2,14,3,4,80,1,16,4,3,6,2,0,5
25,688,3,3,1,538,1,91,3,1,1,4031,9396,5,13,3,3,80,1,6,5,3,2,2,0,2
32,634,5,4,1,1607,2,35,4,1,4,3312,18783,3,17,3,4,80,2,6,3,3,3,2,0,2
39,439,9,3,1,1132,3,70,3,2,2,6782,8770,9,15,3,3,80,0,9,2,2,5,4,0,3
26,572,10,3,1,1836,3,46,3,2,4,4684,9125,1,13,3,1,80,0,5,4,3,5,3,1,2
31,655,7,4,1,76,4,48,3,2,4,5915,9528,3,22,4,4,80,1,10,3,2,7,7,1,7
51,632,21,4,1,120,3,71,3,2,4,5441,8423,0,22,4,4,80,0,11,2,1,10,7,1,0
53,1084,13,2,1,250,4,57,4,2,1,4450,26250,1,11,3,3,80,2,5,3,3,4,2,1,3
58,286,2,4,1,825,4,31,3,5,2,19246,25761,7,12,3,4,80,0,40,2,3,31,15,13,8
33,134,2,3,1,242,3,90,3,1,4,2500,10515,0,14,3,1,80,0,4,2,4,3,1,0,2
32,529,2,3,1,2038,4,78,3,1,1,2439,11288,1,14,3,4,80,0,4,4,3,4,2,1,2
34,628,8,3,1,2068,2,82,4,2,3,4404,10228,2,12,3,1,80,0,6,3,4,4,3,1,2
39,141,3,3,1,760,3,44,4,2,2,6389,18767,9,15,3,3,80,1,12,3,1,8,3,3,6
23,638,9,3,1,2023,4,33,3,1,1,1790,26956,1,19,3,1,80,1,1,3,2,1,0,1,0
33,392,2,4,1,1670,4,93,3,2,4,5505,3921,1,14,3,3,80,2,6,5,3,6,2,0,4
36,676,1,3,1,823,3,35,3,2,2,5228,23361,0,15,3,1,80,1,10,2,3,9,7,0,5
37,1305,10,4,1,518,3,49,3,2,2,4197,21123,2,12,3,4,80,0,18,2,2,1,0,0,1
31,1274,9,1,1,581,3,33,3,3,2,10648,14394,1,25,4,4,80,1,13,6,4,13,8,0,8
27,1354,2,4,1,1931,2,41,3,1,2,2226,6073,1,11,3,3,80,1,6,3,2,5,3,1,2
43,422,1,3,1,902,4,33,3,2,4,5562,21782,4,13,3,2,80,1,12,2,2,5,2,2,2
51,1318,26,4,1,851,1,66,3,4,3,16307,5594,2,14,3,3,80,1,29,2,2,20,6,4,17
46,377,9,3,1,1457,1,52,3,3,4,10096,15986,4,11,3,1,80,1,28,1,4,7,7,4,3
27,210,1,1,1,449,3,73,3,2,2,6349,22107,0,13,3,4,80,1,6,0,3,5,4,1,4
30,879,9,2,1,1298,3,72,3,2,3,4695,12858,7,18,3,3,80,0,10,3,3,8,4,1,7
49,1495,5,4,1,1473,1,96,3,2,3,6651,21534,2,14,3,2,80,1,20,0,2,3,2,1,2
49,1184,11,3,1,840,3,43,3,3,4,7654,5860,1,18,3,1,80,2,9,3,4,9,8,7,7
25,1356,10,4,1,1240,3,57,3,2,4,4950,20623,0,14,3,2,80,0,5,4,3,4,3,1,1
37,663,11,3,1,306,2,47,3,3,4,12185,10056,1,14,3,3,80,3,10,1,3,10,8,0,7
52,723,8,4,1,433,3,85,2,2,2,4941,17747,2,15,3,1,80,0,11,3,2,8,2,7,7
44,1448,28,3,1,1039,4,53,4,4,4,13320,11737,3,18,3,3,80,1,23,2,3,12,11,11,11
37,124,3,3,1,1062,4,35,3,2,2,4107,13848,3,15,3,1,80,0,8,3,2,4,3,0,1
58,1055,1,3,1,1423,4,76,3,5,1,19701,22456,3,21,4,3,80,1,32,3,3,9,8,1,5
43,415,25,3,1,1076,3,79,2,3,4,10798,5268,5,13,3,3,80,1,18,5,3,1,0,0,0
37,783,7,4,1,1885,4,78,3,2,1,4284,13588,5,22,4,3,80,1,16,2,3,5,3,0,4
36,1120,11,4,1,2045,2,100,2,2,4,6652,14369,4,13,3,1,80,1,8,2,2,6,3,0,0
33,1069,1,3,1,969,2,42,2,2,4,6949,12291,0,14,3,1,80,0,6,3,3,5,0,1,4
50,813,17,5,1,1656,4,50,2,3,1,13269,21981,5,15,3,3,80,3,19,3,3,14,11,1,11
55,147,20,2,1,389,2,37,3,2,4,5415,15972,3,19,3,4,80,1,12,4,3,10,7,0,8
38,1444,1,4,1,1972,4,88,3,1,2,2991,5224,0,11,3,2,80,1,7,2,3,6,2,1,2
39,1431,1,4,1,332,3,96,3,1,3,2232,15417,7,14,3,3,80,3,7,1,3,3,2,1,2
36,885,16,4,1,1042,3,43,4,1,1,2743,8269,1,16,3,3,80,0,18,1,3,17,13,15,14
53,661,7,2,1,862,1,78,2,3,4,10934,20715,7,18,3,4,80,1,35,3,3,5,2,0,4
36,1041,13,3,1,829,3,36,3,1,2,2143,25527,4,13,3,2,80,1,8,2,3,5,2,0,4
30,1092,10,3,1,1816,1,64,3,3,3,9667,2739,9,14,3,2,80,0,9,3,3,7,7,0,2
41,447,5,3,1,1814,2,85,4,2,2,6870,15530,3,12,3,1,80,0,11,3,1,3,2,1,2
37,1278,1,4,1,1700,3,31,1,2,4,9525,7677,1,14,3,3,80,2,6,2,2,6,3,1,3
27,994,8,3,1,56,4,37,3,3,3,8726,2975,1,15,3,4,80,0,9,0,3,9,8,1,7
38,1153,6,2,1,1782,4,40,2,1,3,3702,16376,1,11,3,2,80,1,5,3,3,5,4,0,4
29,657,27,3,1,793,2,66,3,2,3,4335,25549,4,12,3,1,80,1,11,3,2,8,7,1,1
42,481,12,3,1,1167,3,44,3,4,1,13758,2447,0,12,3,2,80,0,22,2,2,21,9,13,14
42,1332,2,4,1,477,1,98,2,2,4,6781,17078,3,23,4,2,80,0,14,6,3,1,0,0,0
24,823,17,2,1,643,4,94,2,1,2,2127,9100,1,21,4,4,80,1,1,2,3,1,0,0,0
45,192,10,2,1,544,1,69,3,1,4,2654,9655,3,21,4,4,80,2,8,3,2,2,2,0,2
46,526,1,2,1,244,2,92,3,3,1,10453,2137,1,25,4,3,80,3,24,2,3,24,13,15,7
45,252,1,3,1,336,3,70,4,5,4,19202,15970,0,11,3,3,80,1,25,2,3,24,0,1,7
32,1146,15,4,1,1955,3,34,3,2,4,6667,16542,5,18,3,2,80,1,9,6,3,5,1,1,2
42,179,2,5,1,1231,4,79,4,2,1,6272,12858,7,16,3,1,80,1,10,3,4,4,3,0,3
44,1099,5,3,1,1267,2,88,3,5,2,18213,8751,7,11,3,3,80,1,26,5,3,22,9,3,10
40,575,22,2,1,492,3,68,2,2,3,6380,6110,2,12,3,1,80,2,8,6,3,6,4,1,0
49,1313,11,4,1,1757,4,80,3,2,4,4507,8191,3,12,3,3,80,0,8,1,4,5,1,0,4
35,287,1,4,1,2052,3,62,1,1,4,2977,8952,1,12,3,4,80,1,4,5,3,4,3,1,1
34,470,2,4,1,339,4,84,2,2,1,5957,23687,6,13,3,2,80,1,13,3,3,11,9,5,9
26,575,1,2,1,792,1,71,1,1,4,4364,5288,3,14,3,1,80,1,5,2,3,2,2,2,0
28,289,2,2,1,1504,3,38,2,1,1,2561,5355,7,11,3,3,80,0,8,2,2,0,0,0,0
40,1137,1,4,1,1892,1,98,3,4,1,16823,18991,2,11,3,1,80,1,22,3,3,19,7,11,16
34,988,23,3,1,590,2,43,3,3,1,9950,11533,9,15,3,3,80,3,11,2,3,3,2,0,2
35,853,18,5,1,74,2,71,3,3,1,9069,11031,1,22,4,4,80,1,9,3,2,9,8,1,8
28,1158,9,3,1,377,4,94,3,1,4,2070,2613,1,23,4,4,80,1,5,3,2,5,2,0,4
24,813,1,3,1,45,2,61,3,1,4,2293,3020,2,16,3,1,80,1,6,2,2,2,0,2,0
32,1401,4,2,1,330,3,56,3,1,2,3931,20990,2,11,3,1,80,1,6,5,3,4,3,1,2
40,692,11,3,1,1985,4,73,3,2,3,6323,26849,1,11,3,1,80,1,10,2,4,10,9,9,4
37,319,4,4,1,311,1,41,3,1,4,2793,2539,4,17,3,3,80,1,13,2,3,9,8,5,8
27,591,2,3,1,1648,4,87,3,1,4,2580,6297,2,13,3,3,80,0,6,0,2,4,2,1,2
50,939,24,3,1,1005,4,95,3,4,3,13973,4161,3,18,3,4,80,1,22,2,3,12,11,1,5
36,922,3,2,1,155,1,39,3,1,4,2835,2561,5,22,4,1,80,1,7,2,3,1,0,0,0
31,218,7,3,1,416,2,100,4,2,4,6929,12241,4,11,3,2,80,1,10,3,2,8,7,7,7
43,177,8,3,1,920,1,55,3,2,2,4765,23814,4,21,4,3,80,1,4,2,4,1,0,0,0
29,986,3,4,1,564,2,93,2,3,3,11935,21526,1,18,3,3,80,0,10,2,3,10,2,0,7
41,143,4,3,1,488,1,56,3,2,2,9355,9558,1,18,3,3,80,0,8,5,3,8,7,7,7
37,1373,2,2,1,4,4,92,2,1,3,2090,2396,6,15,3,2,80,0,7,3,3,0,0,0,0
40,989,4,1,1,253,4,46,3,5,3,19033,6499,1,14,3,2,80,1,21,2,3,20,8,9,9
25,891,4,2,1,527,2,99,2,2,4,4487,12090,1,11,3,2,80,0,5,3,3,5,4,1,3
37,228,6,4,1,378,3,98,3,2,4,6502,22825,4,14,3,2,80,1,7,5,4,5,4,0,1
48,1262,1,4,1,1116,1,35,4,4,4,16885,16154,2,22,4,3,80,0,27,3,2,5,4,2,1
32,515,1,3,1,331,4,62,2,1,3,3730,9571,0,14,3,4,80,0,4,2,1,3,2,1,2
39,867,9,2,1,1936,1,87,3,2,1,5151,12315,1,25,4,4,80,1,10,3,3,10,0,7,9
25,977,2,1,1,1992,4,57,3,1,3,3977,7298,6,19,3,3,80,1,7,2,2,2,2,0,2
30,1240,9,3,1,184,3,48,3,2,4,6347,13982,0,19,3,4,80,0,12,2,1,11,9,4,7
30,330,1,3,1,1499,3,46,3,1,3,2064,15428,0,21,4,1,80,1,6,3,4,5,3,1,3
39,1462,6,3,1,1588,4,38,4,3,3,8237,4658,2,11,3,1,80,1,11,3,3,7,6,7,6
35,619,1,3,1,600,2,85,3,2,3,4717,18659,9,11,3,3,80,0,15,2,3,11,9,6,9
38,723,2,4,1,1835,2,77,1,2,4,5405,4244,2,20,4,1,80,2,20,4,2,4,2,0,3
29,318,8,4,1,454,2,77,1,1,1,2119,4759,1,11,3,4,80,0,7,4,2,7,7,0,7
34,653,10,4,1,1597,4,92,2,2,3,5063,15332,1,14,3,2,80,1,8,3,2,8,2,7,7
38,1391,10,1,1,1006,3,66,3,1,3,2684,12127,0,17,3,2,80,1,3,0,2,2,1,0,2
52,585,29,4,1,2019,1,40,3,1,4,3482,19788,2,15,3,2,80,2,16,3,2,9,8,0,0
29,1252,23,2,1,824,3,81,4,1,3,2700,23779,1,24,4,3,80,1,10,3,3,10,7,0,7
34,618,3,1,1,1103,1,45,3,2,4,7756,22266,0,17,3,3,80,0,7,1,2,6,2,0,4
40,1142,8,2,1,1552,4,72,3,2,4,4069,8841,3,18,3,3,80,0,8,2,3,2,2,2,2
43,1291,15,2,1,1666,3,65,2,4,3,17603,3525,1,24,4,1,80,1,14,3,3,14,10,6,11
38,702,1,4,1,230,1,59,2,2,4,8686,12930,4,22,4,3,80,0,12,2,4,8,3,0,7
30,853,7,4,1,1224,3,49,3,2,3,3491,11309,1,13,3,1,80,3,10,4,2,10,7,8,9
27,618,4,3,1,933,2,76,3,1,3,2318,17808,1,19,3,3,80,0,1,2,3,1,1,0,0
50,1234,20,5,1,1606,2,41,3,4,3,11245,20689,2,15,3,3,80,1,32,3,3,30,8,12,13
30,111,9,3,1,239,3,66,3,2,1,3072,11012,1,11,3,3,80,2,12,4,3,12,9,6,10
47,1001,4,3,1,1827,3,92,2,3,2,10333,19271,8,12,3,3,80,1,28,4,3,22,11,14,10
33,1283,2,3,1,1756,4,62,3,2,2,5147,10697,8,15,3,4,80,0,13,2,2,11,7,1,7
46,945,5,2,1,103,2,80,3,2,2,5021,10425,8,22,4,4,80,1,16,2,3,4,2,0,2
39,505,2,4,1,343,3,64,3,3,3,10938,6420,0,25,4,4,80,0,20,1,3,19,6,11,8
30,852,10,3,1,1179,3,72,2,2,3,6578,2706,1,18,3,1,80,1,10,3,3,10,3,1,4
36,1302,6,4,1,1594,1,80,4,2,1,5562,19711,3,13,3,4,80,1,9,3,3,3,2,0,2
58,350,2,3,1,1824,2,52,3,4,2,16291,22577,4,22,4,4,80,1,37,0,2,16,9,14,14
30,153,8,2,1,1015,2,73,4,3,1,11416,17802,0,12,3,3,80,3,9,4,2,8,7,1,7
22,1256,3,4,1,1203,3,48,2,1,4,2853,4223,0,11,3,2,80,1,1,5,3,0,0,0,0
53,1282,5,3,1,32,3,58,3,5,3,19094,10735,4,11,3,4,80,1,26,3,2,14,13,4,8
52,1325,11,4,1,813,4,82,3,2,3,3149,21821,8,20,4,2,80,1,9,3,3,5,2,1,4
29,232,19,3,1,611,4,34,3,2,4,4262,22645,4,12,3,2,80,2,8,2,4,3,2,1,2
29,694,1,3,1,1264,4,87,2,4,4,16124,3423,3,14,3,2,80,2,9,2,2,7,7,1,7
32,1093,6,4,1,125,2,87,3,2,3,5010,24301,1,16,3,1,80,0,12,0,3,11,8,5,7
28,103,24,3,1,19,3,50,2,1,3,2028,12947,5,14,3,2,80,0,6,4,3,4,2,0,3
43,782,6,4,1,661,2,50,2,4,4,16627,2671,4,14,3,3,80,1,21,3,2,1,0,0,0
49,1002,18,4,1,275,4,92,3,2,4,6804,23793,1,15,3,1,80,2,7,0,3,7,7,1,7
39,117,10,1,1,429,3,99,3,4,1,17068,5355,1,14,3,4,80,0,21,3,3,21,9,11,10
32,495,10,3,1,1516,3,64,3,3,4,11244,21072,2,25,4,2,80,0,10,5,4,5,2,0,0
56,906,6,3,1,532,3,86,4,4,1,13212,18256,9,11,3,4,80,3,36,0,2,7,7,7,7
39,1329,4,4,1,182,4,47,2,2,3,5902,14590,4,14,3,3,80,1,17,1,4,15,11,5,9
33,750,22,2,1,160,3,95,3,2,2,6146,15480,0,13,3,1,80,1,8,2,4,7,7,0,7
53,238,1,1,1,682,4,34,3,2,1,8381,7507,7,20,4,4,80,0,18,2,4,14,7,8,10
36,530,2,4,1,1710,3,51,3,2,4,4502,7439,3,15,3,3,80,0,17,2,2,13,7,6,7
34,999,26,1,1,1374,1,92,2,1,3,2029,15891,1,20,4,3,80,3,5,2,3,5,4,0,0
34,135,19,3,1,1285,3,46,3,2,2,4444,22534,4,13,3,3,80,2,15,2,4,11,8,5,10
54,1050,11,4,1,1520,2,87,3,4,4,16032,24456,3,20,4,1,80,1,26,2,3,14,9,1,12
24,381,9,3,1,1494,2,89,3,1,1,3172,16998,2,11,3,3,80,0,4,2,2,0,0,0,0
40,1184,2,4,1,1212,2,62,3,2,2,4327,25440,5,12,3,4,80,3,5,2,3,0,0,0,0
55,267,13,4,1,1372,1,85,4,4,3,13695,9277,6,17,3,3,80,0,24,2,2,19,7,3,8
45,950,28,3,1,1546,4,97,3,1,4,2132,4585,4,20,4,4,80,1,8,3,3,5,4,0,3
44,621,15,3,1,1295,1,73,3,3,4,7978,14075,1,11,3,4,80,1,10,2,3,10,7,0,5
36,311,7,3,1,1659,1,77,3,1,2,2013,10950,2,11,3,3,80,0,15,4,3,4,3,1,3
45,374,20,3,1,2046,4,50,3,2,3,4850,23333,8,15,3,3,80,0,8,3,3,5,3,0,1
38,833,18,3,1,1766,2,60,1,2,4,5811,24539,3,16,3,3,80,1,15,2,3,1,0,1,0
29,1092,1,4,1,2027,1,36,3,1,4,4787,26124,9,14,3,2,80,3,4,3,4,2,2,2,2
33,1296,6,3,1,692,3,30,3,2,4,7725,5335,3,23,4,3,80,1,15,2,1,13,11,4,7
33,461,13,1,1,995,2,53,3,1,4,3452,17241,3,18,3,1,80,0,5,4,3,3,2,0,2
29,459,24,2,1,1868,4,73,2,1,4,2439,14753,1,24,4,2,80,0,1,3,2,1,0,1,0
42,532,29,2,1,547,1,92,3,2,3,4556,12932,2,11,3,2,80,1,19,3,3,5,4,0,2
51,1456,1,4,1,145,1,30,2,3,1,7484,25796,3,20,4,3,80,0,23,1,2,13,12,12,8
38,362,1,1,1,662,3,43,3,1,1,2619,14561,3,17,3,4,80,0,8,3,2,0,0,0,0
31,330,22,4,1,1389,4,98,3,2,3,6179,21057,1,15,3,4,80,2,10,3,2,10,2,6,7
25,1372,18,1,1,1399,1,93,4,2,3,6232,12477,2,11,3,2,80,0,6,3,2,3,2,1,2
58,781,2,1,1,918,4,57,2,1,4,2380,13384,9,14,3,4,80,1,3,3,2,1,0,0,0
30,464,4,3,1,514,3,40,3,1,4,2285,3427,9,23,4,3,80,0,3,4,3,1,0,0,0
34,1375,10,3,1,1774,4,87,3,2,3,4001,12313,1,14,3,3,80,1,15,3,3,15,14,0,7
38,1009,2,2,1,1355,2,31,3,2,1,6893,19461,3,15,3,4,80,1,11,3,3,7,7,1,7
21,895,9,2,1,484,1,39,3,1,4,2610,2851,1,24,4,3,80,0,3,3,2,3,2,2,2
43,920,3,3,1,1255,3,96,1,5,4,19740,18625,3,14,3,2,80,1,25,2,3,8,7,0,7
41,1360,12,3,1,58,2,49,3,5,3,19545,16280,1,12,3,4,80,0,23,0,3,22,15,15,8
29,991,5,3,1,1669,1,43,2,2,2,4187,3356,1,13,3,2,80,1,10,3,2,10,0,0,9
30,138,22,3,1,1004,1,48,3,1,3,2132,11539,4,11,3,2,80,0,7,2,3,5,2,0,1
42,603,7,4,1,1292,2,78,4,2,2,2372,5628,6,16,3,4,80,0,18,2,3,1,0,0,0
58,848,23,4,1,1308,1,88,3,1,3,2372,26076,1,12,3,4,80,2,2,3,3,2,2,2,2
45,252,2,3,1,834,2,95,2,1,3,2274,6153,1,14,3,4,80,0,1,3,3,1,0,0,0
45,1050,9,4,1,1117,2,65,2,2,3,5593,17970,1,13,3,4,80,1,15,2,3,15,10,4,12
28,1451,2,1,1,1136,1,67,2,1,2,3201,19911,0,17,3,1,80,0,6,2,1,5,3,0,4
39,903,2,5,1,985,1,41,4,3,3,7880,2560,0,18,3,4,80,0,9,3,3,8,7,0,7
26,921,1,1,1,1068,1,66,2,1,3,2007,25265,1,13,3,3,80,2,5,5,3,5,3,1,3
27,199,6,3,1,1162,4,55,2,1,3,2539,7950,1,13,3,3,80,1,4,0,3,4,2,2,2
35,200,18,2,1,1412,3,60,3,3,4,9362,19944,2,11,3,3,80,0,10,2,3,2,2,2,2
37,408,19,2,1,61,2,73,3,1,2,3022,10227,4,21,4,1,80,0,8,1,3,1,0,0,0
35,735,6,1,1,1291,3,66,3,1,3,3506,6020,0,14,3,4,80,0,4,3,3,3,2,2,2
44,200,29,4,1,1225,4,32,3,2,4,4541,7744,1,25,4,2,80,0,20,3,3,20,11,13,17
35,1182,11,2,1,1137,4,54,3,2,4,4968,18500,1,11,3,4,80,1,5,3,3,5,2,0,2
27,1377,11,1,1,1434,2,91,3,1,1,2099,7679,0,14,3,2,80,0,6,3,4,5,0,1,4
51,541,2,3,1,1391,2,52,3,3,2,10596,15395,2,11,3,2,80,0,14,5,3,4,2,3,2
38,573,6,3,1,107,2,79,1,2,4,5329,15717,7,12,3,4,80,3,17,3,3,13,11,1,9
37,1225,10,2,1,715,4,80,4,1,4,4680,15232,3,17,3,1,80,0,4,2,3,1,0,0,0
41,918,6,3,1,1708,4,35,3,3,3,9241,15869,1,12,3,2,80,0,10,3,3,10,8,8,7
45,193,6,4,1,101,4,52,3,3,1,13245,15067,4,14,3,2,80,0,17,3,4,0,0,0,0
27,1302,19,3,1,1619,4,67,2,1,1,4066,16290,1,11,3,1,80,2,7,3,3,7,7,0,7
52,621,3,4,1,776,3,31,2,4,1,16856,10084,1,11,3,1,80,0,34,3,4,34,6,1,16
28,1423,1,3,1,1506,1,72,2,1,3,1563,12530,1,14,3,4,80,1,1,2,1,1,0,0,0
18,812,10,3,1,411,4,69,2,1,3,1200,9724,1,12,3,1,80,0,0,2,3,0,0,0,0
33,589,28,4,1,1549,2,79,3,2,3,5207,22949,1,12,3,2,80,1,15,3,3,15,14,5,7
45,1249,7,3,1,425,1,97,3,3,1,5210,20308,1,18,3,1,80,1,24,2,3,24,9,9,11
40,1469,9,4,1,964,4,35,3,1,2,3617,25063,8,14,3,4,80,1,3,2,3,1,1,0,0
27,829,8,1,1,800,3,84,3,2,4,4342,24008,0,19,3,2,80,1,5,3,3,4,2,1,1
29,746,2,3,1,469,4,61,3,2,3,4649,16928,1,14,3,1,80,1,4,3,2,4,3,0,2
56,1400,7,3,1,112,4,49,1,3,4,7260,21698,4,11,3,1,80,0,37,3,2,6,4,0,2
26,1479,1,3,1,384,3,84,3,2,2,6397,26767,1,20,4,1,80,1,6,6,1,6,5,1,4
22,534,15,3,1,144,2,59,3,1,4,2871,23785,1,15,3,3,80,0,1,5,3,0,0,0,0
40,543,1,4,1,2012,1,83,3,1,4,2406,4060,8,19,3,3,80,2,8,3,2,1,0,0,0
42,1474,5,2,1,591,2,97,3,1,3,2093,9260,4,17,3,4,80,1,8,4,3,2,2,2,0
34,937,1,3,1,1950,1,32,3,3,4,9888,6770,1,21,4,1,80,0,14,3,2,14,8,2,1
51,1405,11,2,1,1367,4,82,2,4,2,13142,24439,3,16,3,2,80,0,29,1,2,5,2,0,3
30,413,7,1,1,585,4,57,3,1,2,2983,18398,0,14,3,1,80,0,4,3,3,3,2,1,2
37,1141,11,2,1,1033,1,61,1,2,2,4777,14382,5,15,3,1,80,0,15,2,1,1,0,0,0
33,1017,25,3,1,1108,1,55,2,1,2,2313,2993,4,20,4,2,80,0,5,0,3,2,2,2,2
40,302,6,3,1,601,2,75,3,4,3,13237,20364,7,15,3,3,80,0,22,3,3,20,6,5,13
55,1229,4,4,1,1501,4,30,3,2,3,4035,16143,0,16,3,2,80,0,4,2,3,3,2,1,2
38,1321,1,4,1,1995,4,86,3,2,2,4440,7636,0,15,3,1,80,2,16,3,3,15,13,5,8
43,1001,7,3,1,451,3,43,3,3,1,9985,9262,8,16,3,1,80,1,10,1,2,1,0,0,0
38,433,1,3,1,1152,3,37,4,1,3,2844,6004,1,13,3,4,80,1,7,2,4,7,6,5,0
52,715,19,4,1,791,4,41,3,1,4,4258,26589,0,18,3,1,80,1,5,3,3,4,3,1,2
44,1459,10,4,1,40,4,41,3,2,4,6465,19121,2,13,3,4,80,0,9,5,4,4,2,1,3
34,678,19,3,1,1701,2,35,2,1,4,2929,20338,1,12,3,2,80,0,10,3,3,10,9,8,7
38,827,1,4,1,724,2,33,4,2,4,7625,19383,0,13,3,3,80,0,10,4,2,9,7,1,8
30,1358,16,1,1,1479,4,96,3,2,3,5301,2939,8,15,3,3,80,2,4,2,2,2,1,2,2
36,1229,8,4,1,990,1,84,3,2,4,5079,25952,4,13,3,4,80,2,12,3,3,7,7,0,7
29,1396,10,3,1,749,3,99,3,1,3,2642,2755,1,11,3,3,80,0,1,6,3,1,0,0,0
46,1450,15,2,1,1217,4,52,3,5,2,19081,10849,5,11,3,1,80,1,25,2,3,4,2,0,3
37,397,7,4,1,102,1,30,3,3,3,13664,25258,4,13,3,1,80,0,16,3,4,5,2,0,2
45,1268,4,2,1,240,3,30,3,2,1,5006,6319,4,11,3,1,80,1,9,3,4,5,4,0,3
54,966,1,4,1,1245,4,53,3,3,3,10502,9659,7,17,3,1,80,1,33,2,1,5,4,1,4
53,1223,7,2,1,1201,4,50,3,5,3,18606,18640,3,18,3,2,80,1,26,6,3,7,7,4,7
34,1381,4,4,1,523,3,72,3,2,3,6538,12740,9,15,3,1,80,1,6,3,3,3,2,1,2
38,364,3,5,1,193,4,32,3,2,3,4317,2302,3,20,4,2,80,0,19,2,3,3,2,2,2
42,748,9,2,1,1480,1,74,3,1,4,3673,16458,1,13,3,3,80,0,12,3,3,12,9,5,8
53,1395,24,4,1,1689,2,48,4,3,4,7005,3458,3,15,3,3,80,0,11,2,3,4,3,1,2
34,401,1,3,1,1447,4,86,2,1,2,3294,3708,5,17,3,1,80,1,7,2,2,5,4,0,2
37,290,21,3,1,267,2,65,4,1,1,3564,22977,1,12,3,1,80,1,8,3,2,8,7,1,7
38,1394,8,3,1,1937,4,58,2,2,2,2133,18115,1,16,3,3,80,1,20,3,3,20,11,0,7
53,1376,2,2,1,981,3,45,3,4,3,14852,13938,6,13,3,3,80,1,22,3,4,17,13,15,2
35,185,23,4,1,1826,2,91,1,1,3,2705,9696,0,16,3,2,80,1,6,2,4,5,4,0,3
45,1005,28,2,1,1719,4,48,2,4,2,16704,17119,1,11,3,3,80,0,21,2,3,21,6,8,6
27,608,1,2,1,725,3,68,3,3,1,7412,6009,1,11,3,4,80,0,9,3,3,9,7,0,7
29,896,18,1,1,315,3,86,2,1,4,2389,14961,1,13,3,3,80,0,4,3,2,4,3,0,1
39,711,4,3,1,1633,1,81,3,2,3,5042,3140,0,13,3,4,80,0,10,2,1,9,2,3,8
41,645,1,3,1,534,2,49,4,3,1,8392,19566,1,16,3,3,80,1,10,2,3,10,7,0,7
27,894,9,3,1,260,4,99,3,1,2,2279,11781,1,16,3,4,80,0,7,2,2,7,7,0,3
40,1308,14,3,1,1128,3,44,2,5,3,19626,17544,1,14,3,1,80,0,21,2,4,20,7,4,9
37,1372,1,3,1,391,4,42,3,1,4,2115,15881,1,12,3,2,80,0,17,3,3,17,12,5,7
24,897,10,3,1,1746,1,59,3,1,4,2145,2097,0,14,3,4,80,1,3,2,3,2,2,2,1
34,304,2,3,1,786,4,60,3,2,4,6274,18686,1,22,4,3,80,0,6,5,3,6,5,1,4
34,1397,1,5,1,683,2,42,3,1,4,2691,7660,1,12,3,4,80,1,10,4,2,10,9,8,8
38,322,7,2,1,382,1,44,4,2,1,5605,19191,1,24,4,3,80,1,8,3,3,8,0,7,7
52,1323,2,3,1,316,3,89,2,1,4,3212,3300,7,15,3,2,80,0,6,3,2,2,2,2,2
30,1398,22,4,1,567,3,69,3,3,1,8412,2890,0,11,3,3,80,0,10,3,3,9,8,7,8
31,444,5,3,1,399,4,84,3,1,2,2789,3909,1,11,3,3,80,1,2,5,2,2,2,2,2
39,1132,1,3,1,417,3,48,4,3,4,9613,10942,0,17,3,1,80,3,19,5,2,18,10,3,7
29,1210,2,3,1,366,1,78,2,2,2,6644,3687,2,19,3,2,80,2,10,2,3,0,0,0,0
47,719,27,2,1,785,2,77,4,2,3,6397,10339,4,12,3,4,80,0,8,2,3,5,4,1,3
47,249,2,2,1,903,3,35,3,2,4,4537,17783,0,22,4,1,80,1,8,2,3,7,6,7,7
36,884,23,2,1,2061,3,41,4,2,4,2571,12290,4,17,3,3,80,1,17,3,3,5,2,0,3
37,342,16,4,1,868,4,66,2,2,3,6334,24558,4,19,3,4,80,2,9,2,3,1,0,0,0
28,1475,13,2,1,1933,4,84,3,2,3,9854,23352,3,11,3,4,80,0,6,0,3,2,0,2,2
48,817,2,1,1,712,2,56,4,2,2,8120,18597,3,12,3,4,80,0,12,3,3,2,2,2,2
24,506,29,1,1,1725,2,91,3,1,1,3907,3622,1,13,3,2,80,3,6,2,4,6,2,1,2
42,335,23,2,1,1976,4,37,2,2,3,4332,14811,1,12,3,4,80,0,20,2,3,20,9,3,7
44,136,28,3,1,1523,4,32,3,4,1,16328,22074,3,13,3,3,80,1,24,1,4,20,6,14,17
31,1154,2,2,1,1996,1,54,3,1,3,3067,6393,0,19,3,3,80,1,3,1,3,2,2,1,2
22,1136,5,3,1,284,4,60,4,1,2,2328,12392,1,16,3,1,80,1,4,2,2,4,2,2,2
27,1277,8,5,1,1094,1,87,1,1,3,4621,5869,1,19,3,4,80,3,3,4,3,3,2,1,2
46,430,1,4,1,1069,4,40,3,5,4,19627,21445,9,17,3,4,80,2,23,0,3,2,2,2,2
30,288,2,3,1,117,3,99,2,2,4,4152,15830,1,19,3,1,80,3,11,3,3,11,10,10,8
26,652,7,3,1,1417,3,100,4,1,1,3578,23577,0,12,3,4,80,0,8,2,3,7,7,0,7
48,163,2,5,1,595,2,37,3,2,4,4051,19658,2,14,3,1,80,1,14,2,3,9,7,6,7
48,365,4,5,1,1644,3,89,2,4,4,15202,5602,2,25,4,2,80,1,23,3,3,2,2,2,2
28,895,15,2,1,1102,1,50,3,1,3,2207,22482,1,16,3,4,80,1,4,5,2,4,2,2,2
40,458,16,2,1,1340,3,74,3,1,3,3544,8532,9,16,3,2,80,1,6,0,3,4,2,0,0
41,896,6,3,1,298,4,75,3,3,4,13591,14674,3,18,3,3,80,0,16,3,3,1,0,0,0
35,817,1,3,1,1369,4,60,2,2,4,5363,10846,0,12,3,2,80,1,10,0,3,9,7,0,0
28,1366,24,2,1,1082,2,72,2,3,1,8722,12355,1,12,3,1,80,0,10,2,2,10,7,1,9
34,1303,2,4,1,579,4,62,2,1,3,2768,8416,3,12,3,3,80,1,14,3,3,7,3,5,7
53,1436,6,2,1,205,2,34,3,2,3,2306,16047,2,20,4,4,80,1,13,3,1,7,7,4,5
28,1144,10,1,1,1056,4,74,3,1,2,1052,23384,1,22,4,2,80,0,1,5,3,1,0,0,0
22,1123,16,2,1,22,4,96,4,1,4,2935,7324,1,13,3,2,80,2,1,2,2,1,0,0,0
33,117,9,3,1,1238,1,60,3,1,4,2781,6311,0,13,3,2,80,1,15,5,3,14,10,4,10
43,775,15,3,1,754,4,47,2,2,4,6804,23683,3,18,3,3,80,1,7,5,3,2,2,2,2
27,1377,2,3,1,437,4,74,3,2,3,4478,5242,1,11,3,1,80,0,5,3,3,5,4,0,4
42,932,1,2,1,827,4,43,2,2,4,6062,4051,9,13,3,4,80,1,8,4,3,4,3,0,2
27,1420,2,1,1,667,3,85,3,1,1,3041,16346,0,11,3,2,80,1,5,3,3,4,3,0,2
35,138,2,3,1,269,2,37,3,2,2,4425,15986,5,11,3,4,80,0,10,5,3,6,2,1,2
27,269,5,1,1,844,3,42,2,3,4,12808,8842,1,16,3,2,80,1,9,3,3,9,8,0,8
34,419,7,4,1,28,1,53,3,3,2,11994,21293,0,11,3,3,80,0,13,4,3,12,6,2,11
43,957,28,3,1,171,2,72,4,1,3,4739,16090,4,12,3,4,80,0,18,2,3,3,2,1,2
30,231,8,2,1,982,3,62,3,3,3,7264,9977,5,11,3,1,80,1,10,2,4,8,4,7,7
41,549,7,2,1,1025,4,42,3,2,3,5003,23371,6,14,3,2,80,0,8,6,3,2,2,2,1
36,1174,3,4,1,1425,1,99,3,2,2,9278,20763,3,16,3,4,80,0,15,3,3,5,4,0,1
40,300,26,3,1,1066,3,74,3,2,1,8396,22217,1,14,3,2,80,1,8,3,2,7,7,7,5
39,592,2,3,1,1458,1,54,2,1,1,3646,17181,2,23,4,2,80,0,11,2,4,1,0,0,0
31,754,26,4,1,1967,1,63,3,2,4,5617,21075,1,11,3,3,80,0,10,4,3,10,7,0,8
44,383,1,5,1,1481,1,79,3,2,3,4768,9282,7,12,3,3,80,1,11,4,2,1,0,0,0
40,107,10,3,1,1239,2,84,2,2,2,6852,11591,7,12,3,2,80,1,7,2,4,5,1,1,3
33,922,1,5,1,612,1,95,4,4,3,16184,22578,4,19,3,3,80,1,10,2,3,6,1,0,5
34,1346,19,2,1,18,2,93,3,1,4,2661,8758,0,11,3,3,80,1,3,2,3,2,2,1,2
